exhibitionID,exhibitionName,theme,startDate,endDate
1,"Fiftieth Anniversary Exhibition, The Metropolitan Museum of Art, New York, 1920, unnumbered catalogue.",Maritime History,2024-07-17 19:26:44.668116,2025-01-17 19:26:44.668116
2,"Loan Exhibition of Important Early Italian Paintings in the Possession of Notable American Collectors, Duveen Brothers, New York, 1924, no. 2, as by Giovanni Cimabue (no. 1 in illustrated 1926 version of catalogue).",Romanticism,2025-08-02 06:47:14.471564,2025-12-02 06:47:14.471564
3,"Exposition de L'Art Italien de Cimabue à Tiepolo, Petit Palais, Paris, 1935, no. 110.",Minimalism,2026-01-11 22:43:37.388898,2026-02-11 22:43:37.388898
4,"Berenson and the Connoisseurship of Italian Painting, National Gallery of Art, Washington, D.C., 1979, no. 81.",Women in Art,2025-03-22 07:30:47.688327,2025-08-22 07:30:47.688327
5,"La fortuna dei primitivi: Tesori d’arte dalle collezioni italiane fra Sette e Ottocento [The Fortunes of the Primitives: Artistic Treasures from Italian Collections between the Eighteenth and Nineteenth Centuries], Galleria dell'Accademia, Florence, 2014, no. 79a, repro.",Expressionism,2025-10-07 03:06:50.873934,2025-11-07 03:06:50.873934
6,"Palazzo Davanzati, Florence, between September 1910 and 1916.",Romanticism,2024-10-17 21:37:16.331779,2024-11-17 21:37:16.331779
7,"Loan Exhibition of Painting and Sculpture by Italian Artists of the Fourteenth, Fifteenth and Sixteenth Centuries, Cincinnati Art Museum, 1921, no catalogue.",Landscapes,2024-06-17 16:21:30.078930,2024-08-17 16:21:30.078930
8,"Sixteenth Loan Exhibition of Old Masters. Italian Paintings of the XIV to XVI Century, Detroit Institute of Art, 1933, no. 3.",Maritime History,2025-09-15 14:37:30.308302,2026-02-15 14:37:30.308302
9,"Italian Paintings of the XIV to XVI Century, Detroit Institute of Arts, 1933, no. 11, repro., as Altarpiece by Gherardo Starnina.",Baroque,2025-03-26 06:01:04.875350,2025-07-26 06:01:04.875350
10,"Museo Navale, Milan, 1935.",Surrealism,2025-10-26 22:19:17.597549,2026-03-26 22:19:17.597549
11,"Sesquicentennial Exhibition, Philadelphia, 1926.",Surrealism,2025-05-04 18:05:42.023571,2025-06-04 18:05:42.023571
12,"Exposition de L'Art Italien de Cimabue à Tiepolo, Petit Palais, Paris, 1935, no. 299, as by Masaccio.",Fauvism,2025-03-01 23:14:51.376069,2025-09-01 23:14:51.376069
13,"Exhibition of Italian Renaissance Art, Wadsworth Atheneum and Morgan Memorial, Hartford, 1932, no. 14.",Surrealism,2024-09-22 20:58:42.187264,2025-01-22 20:58:42.187264
14,"Exposition de tableaux, statues et objets d'art au profit de l'oeuvre des Orphelins d'Alsace-Lorraine, Salle des Etats du Louvre, Paris, 1885, no. 180, as by Gentile da Fabriano.",Landscapes,2025-02-05 07:53:21.457370,2025-08-05 07:53:21.457370
15,"Exhibition of Italian Renaissance Art, Wadsworth Atheneum and Morgan Memorial, Hartford, 1932, no. 15.",Impressionism,2025-02-18 12:07:12.932486,2025-05-18 12:07:12.932486
16,"Italian Paintings of the XIV to XVI Century, Detroit Institute of Arts, 1933, no. 59, as by Matteo di Giovanni, repro.",Modernism,2024-10-24 20:35:15.392259,2024-12-24 20:35:15.392259
17,"Exhibition of Pictures of the School of Siena, Burlington Fine Arts Club, London, 1904, no. 19.",Black Culture,2025-10-10 21:04:53.307439,2026-03-10 21:04:53.307439
18,"Loan Exhibition of the Benson Collection of Old Italian Masters, City of Manchester Art Gallery, 1927, no. 101.",Architecture,2024-07-04 11:23:34.129819,2024-09-04 11:23:34.129819
19,"Exhibition of Italian Renaissance Art, Wadsworth Atheneum and Morgan Memorial, Hartford, 1932, no. 16, as The Vestal Virgin, Claudia Quinta.",Post-Modern,2026-03-14 03:15:36.578980,2026-09-14 03:15:36.578980
20,"Francesco di Giorgio e il Rinascimento a Siena 1450-1500, Chiesa di Sant'Agostino, Siena, Italy, 1993, no. 103b, repro.",Minimalism,2025-03-26 08:27:44.861826,2025-09-26 08:27:44.861826
21,"Renaissance Sienna: Art for a City, National Gallery, London, 2007-2008, no. 72, repro.",Romanticism,2025-09-12 13:24:26.877569,2025-12-12 13:24:26.877569
22,"South Kensington Museum, London, 1876 (according to the Duveen prospectus, in NGA curatorial files).",Black Culture,2025-09-17 12:00:12.839953,2026-02-17 12:00:12.839953
23,"Ausstellung von Werken Alter Kunst aus dem Privatbesitz von Mitgliedern des Kaiser-Friedrich-Museums-Vereins, Königlichen Akademie der Künste, Berlin, 1914, no. 123.",Florals,2025-05-13 10:34:34.835537,2025-10-13 10:34:34.835537
24,"Masterpieces in Miniature: Italian Manuscript Illumination from the J. Paul Getty Museum, National Gallery of Art, Washington, D.C., 2005-2006, not in brochure.",Minimalism,2025-12-05 16:21:41.619703,2026-04-05 16:21:41.619703
25,"The Portrait in Renaissance Italy: From Masaccio to Bellini, Gemäldegalerie, Staatliche Museen zu Berlin; The Metropolitan Museum of Art, New York, 2011-2012, no. 3, repro. (shown only in New York), as Florentine Artist (Paolo Uccello?).",Abstract Forms,2025-11-06 01:07:26.802866,2026-02-06 01:07:26.802866
26,"Fifth Loan Exhibition of Old and Modern Masters, Detroit Institute of Arts, 1927, no. 23, as by Domenico Veneziano.",Black Culture,2024-08-18 00:10:13.030445,2024-12-18 00:10:13.030445
27,"Exhibition of  Works by the Old Masters. Winter Exhibition, Royal Academy of Arts, London, 1886, no. 185, as by Anonymous, Italian School.",Romanticism,2025-12-16 23:13:17.991826,2026-06-16 23:13:17.991826
28,"Loan Exhibition of Italian Primitives, F. Kleinberger Galleries, New York, 1917, no. 21, repro.",Mythology,2026-01-19 16:22:33.374177,2026-05-19 16:22:33.374177
29,"Loan Exhibition of the Arts of the Italian Renaissance, The Metropolitan Museum of Art, New York, 1923, no. 1.",Renaissance,2025-12-17 19:52:48.910096,2026-01-17 19:52:48.910096
30,"Loan Exhibition of Important Early Italian Paintings in the Possession of Notable American Collectors, Duveen Brothers, New York, 1924, no. 32 (no. 8 in illustrated 1926 version of catalogue).",Fauvism,2025-09-23 20:51:43.529855,2025-11-23 20:51:43.529855
31,"Fifteenth Century Portraits, M. Knoedler & Co., New York, 1935, no. 5, repro.",Landscapes,2024-08-04 04:31:57.691986,2024-12-04 04:31:57.691986
32,"The Twentieth Anniversary Exhibition of the Cleveland Museum of Art. The Official Art Exhibit of the Great Lakes Exposition, 1936, no. 118.",Maritime History,2026-01-06 14:28:40.029618,2026-07-06 14:28:40.029618
33,"Berenson and the Connoisseurship of Italian Painting, National Gallery of Art, Washington, D.C., 1979, no. 110, repro.",Impressionism,2025-05-27 05:12:01.544050,2025-06-27 05:12:01.544050
34,"The Portrait in Renaissance Italy: From Masaccio to Bellini, Gemäldegalerie, Staatliche Museen zu Berlin; The Metropolitan Museum of Art, New York, 2011-2012, no. 21, repro.",Expressionism,2024-12-08 11:13:38.344359,2025-01-08 11:13:38.344359
35,"Loan Exhibition of Important Early Italian Paintings in the Possession of Notable American Collectors, Duveen Brothers, New York, 1924, no. 19 (no. 13 in illustrated 1926 version of catalogue).",Maritime History,2026-01-16 21:23:28.590701,2026-02-16 21:23:28.590701
36,"Loan Exhibition of Primitives, M. Knoedler & Co., New York, 1929, no. 5.",Romanticism,2026-02-09 13:20:15.813796,2026-05-09 13:20:15.813796
37,"Exhibition of Italian Art 1200-1900, Royal Academy of Arts, London, 1930, no. 133a in 4th ed. of catalogue (no. 231 in commemorative catalogue published 1931; not in 1st ed. of catalogue or souvenir catalogue).",Impressionism,2024-07-25 07:59:17.375542,2024-11-25 07:59:17.375542
38,"Fifteenth Century Portraits, M. Knoedler & Co., New York, 1935, no. 11, repro.",Florals,2024-04-11 01:24:02.547210,2024-09-11 01:24:02.547210
39,"The Botticelli Renaissance (Berlin title) / Botticelli Re-Imagined (London title), Staatliche Museen zu Berlin; Victoria and Albert Museum, London, 2015-2016, no. 163, repro. (painting lent to exhibition in Tokyo between Berlin and London venues).",Architecture,2025-11-24 06:50:49.083230,2026-05-24 06:50:49.083230
40,"Botticelli and His Time, Tokyo Metropolitan Art Museum, 2016 (painting withdrawn a month early for loan to exhibition in London).",Impressionism,2025-04-08 11:32:36.742047,2025-09-08 11:32:36.742047
41,"Loan Collection of Mr. and Mrs. Frank D. Stout, Art Institute of Chicago, 1924, no cat., illustrated in AIC Bulletin, September 1924: 76, as Young Man in Red Cap by Alessandro Botticelli.",Renaissance,2025-04-10 16:06:30.361079,2025-09-10 16:06:30.361079
42,"Florence and its Painters: From Giotto to Leonardo da Vinci, Bayerische Staatsgemäldesammlungen, Munich, 2018-2019.",Landscapes,2025-07-18 23:56:04.295820,2025-08-18 23:56:04.295820
43,"Loan for display with permanent collection, Fogg Art Museum, Cambridge, Massachusetts, 1922.",Indigenous Art,2026-02-01 10:50:03.623063,2026-08-01 10:50:03.623063
44,"Loan Exhibition of Important Early Italian Paintings in the Possession of Notable American Collectors, Duveen Brothers, New York, 1924, no. 17, as by Pisanello (no. 38, as by Antonio Pisano, in illustrated 1926 version of catalogue).",Urban Life,2025-07-26 19:55:14.201424,2026-01-26 19:55:14.201424
45,"Fifteenth Century Portraits, M. Knoedler & Co. Inc., New York, 1935, no. I, as Isotta degli Atti, wife of Sigismondo Malatesta da Rimini by Pisanello.",Modernism,2025-11-12 21:46:52.638204,2026-03-12 21:46:52.638204
46,"Virtue and Beauty: Leonardo's 'Ginevra de' Benci' and Renaissance Portraits of Women, National Gallery of Art, Washington, D.C., 2001-2002, no. 1, color repro.",Mythology,2025-08-22 12:28:52.609851,2025-12-22 12:28:52.609851
47,"El retrato del Renacimiento [Madrid title], Renaissance Faces: Van Eyck to Titian [London title], Museo Nacional del Prado, Madrid; National Gallery, London, 2008-2009, no. 7 (Madrid), no. 1 (London), repro. ",Mythology,2024-07-06 01:27:37.989930,2024-09-06 01:27:37.989930
48,"The Art of Illumination: The Limbourg Brothers and the Belles Heures of Jean de France, Duc de Berry, The J. Paul Getty Museum, Los Angeles (2008-2009); The Metropolitan Museum of Art, New York, 2010, not in cat. (shown only in New York).",Mythology,2025-11-20 05:16:49.016007,2026-01-20 05:16:49.016007
49,"Les Tres Riches Heures du Duc de Berry, Château de Chantilly, Chantilly, 2025, not in catalogue.",Surrealism,2025-06-02 13:42:12.511229,2025-07-02 13:42:12.511229
50,"Berenson and the Connoisseurship of Italian Painting, National Gallery of Art, Washington, D.C., 1979, no. 113, repro.",Architecture,2025-10-12 01:57:18.952009,2026-01-12 01:57:18.952009
51,"Raphael and America, National Gallery of Art, Washington, D.C., 1983, no. 92, repro.",Romanticism,2025-02-03 22:13:43.517070,2025-06-03 22:13:43.517070
52,"Raphael: From Urbino to Rome, National Gallery, London, 2004-2005, no. 93, as _The Virgin and Child with Saint John (The Alba Madonna)_, repro.",Baroque,2025-12-23 07:23:29.690355,2026-01-23 07:23:29.690355
53,"Masterpieces from the World's Museums in the Hermitage: Raphael's _Madonna with Christ and St. John the Baptist (The Madonna Alba)_ from the National Gallery of Art, Washington, D.C., State Hermitage Museum, St. Petersburg, 2004, no cat.",Women in Art,2024-05-27 17:19:30.948542,2024-09-27 17:19:30.948542
54,"Raphael 1520-1483, Scuderie del Quirinale, Rome, 2020, no. IX.15.",Architecture,2025-05-02 14:09:03.596055,2025-09-02 14:09:03.596055
55,"Raphael, The National Gallery, London, 2022, no. 39, repro.",Surrealism,2025-02-26 13:15:57.006074,2025-04-26 13:15:57.006074
56,"Possibly Pictures of the Italian and Spanish Schools, British Institution, London, 1816, no. 32, as The Virgin and Infant Savior.",Abstract Forms,2025-08-12 22:06:01.299435,2026-01-12 22:06:01.299435
57,"Possibly British Institution, London, 1841, no. 28, as Virgin and Child.",Modernism,2025-11-06 14:34:14.313483,2026-04-06 14:34:14.313483
58,"Art Treasures of the United Kingdom: Paintings by Ancient Masters, Art Treasures Palace, Manchester, 1857, no. 141.",Abstract Forms,2026-03-02 03:56:31.959129,2026-07-02 03:56:31.959129
59,"Exhibition of  Works by the Old Masters. Winter Exhibition, Royal Academy of Arts, London, 1881, no. 152.",Architecture,2024-06-14 17:11:32.268483,2024-07-14 17:11:32.268483
60,"National Loan Exhibition in Aid of National Gallery Funds, Grafton Galleries, London, 1909-1910, no. 66, repro.",Expressionism,2024-04-29 15:12:05.881680,2024-09-29 15:12:05.881680
61,"Second National Loan Exhibition. Woman and Child in Art, Grafton Galleries, London, 1913-1914, no. 35, repro.",The Human Condition,2026-03-12 10:31:28.991015,2026-04-12 10:31:28.991015
62,"Raphael and America, National Gallery of Art, Washington, D.C., 1983, no. 81, repro.",Contemporary,2025-10-12 08:06:44.071245,2025-12-12 08:06:44.071245
63,"Raphael and America, National Gallery of Art, Washington, 1983, no. 77, repro.",Abstract Forms,2024-07-27 06:25:26.304775,2024-12-27 06:25:26.304775
64,"Raphael and America, National Gallery of Art, Washington, D.C., 1983, no. 52, pl. 7.",Expressionism,2024-08-03 18:17:24.698418,2024-11-03 18:17:24.698418
65,"The Flowering of Florence, National Gallery of Art, Washington, D.C., 2002, no. 4, repro.",Post-Modern,2025-08-12 07:30:18.751644,2025-12-12 07:30:18.751644
66,"Golitzyn Museum in Volkhonka Street, State Pushkin Museum of Fine Arts, Moscow, 2004.",Portraits,2025-01-01 23:34:18.195210,2025-02-01 23:34:18.195210
67,"Il meglio maestro d’Italia: Perugino e il suo tempo, Galleria Nazionale dell’Umbria, Perugia, 2023, no. II.8, repro.",Urban Life,2025-05-24 15:17:51.136095,2025-07-24 15:17:51.136095
68,"Glory of Venice: Masterworks of the Renaissance, Denver Art Museum; North Carolina Museum of Art, Raleigh, 2016-2017, no. 31, repro.",Modernism,2026-01-08 02:56:40.045832,2026-03-08 02:56:40.045832
69,"Vittore Carpaccio: Master Storyteller of Renaissance Venice, National Gallery of Art, Washington, DC; Fondazione Musei Civici, Palazzo Ducale, Venice, 2022-2023, no. 86, repro.",Renaissance,2025-10-14 10:02:14.282154,2026-02-14 10:02:14.282154
70,"The Glory of Byzantium: Art and Culture of the Middle Byzantine Era A.D. 843-1261, The Metropolitan Museum of Art, New York, 1997, no. 262, repro.",Baroque,2024-04-27 00:12:25.829199,2024-08-27 00:12:25.829199
71,"The Mother of God: Representations of the Virgin in Byzantine Art, Benaki Museum, Athens, 2000-2001, no. 68, repro.",Urban Life,2025-10-19 12:48:36.453726,2026-03-19 12:48:36.453726
72,"Byzantium: Faith and Power (1261-1557), The Metropolitan Museum of Art, New York, 2004, no. 286, repro.",Abstract Forms,2025-08-03 15:47:40.231535,2025-09-03 15:47:40.231535
73,"Exhibition of Works by the Old Masters. Winter Exhibition, Royal Academy of Arts, London, 1910, no. 32, as Virgin and Child by School of Vicenza.",Black Culture,2026-02-24 00:42:41.873749,2026-08-24 00:42:41.873749
74,"A Collection of Pictures of the Early Venetian School and Other Works of Art, Burlington Fine Arts Club, London, 1912, no. 31 (no. 13 and pl. XII of illustrated catalogue titled Early Venetian Pictures and Other Works of Art).",Romanticism,2026-03-02 22:22:14.355450,2026-06-02 22:22:14.355450
75,"Loan Exhibition of the Benson Collection of Old Italian Masters, City of Manchester Art Gallery, 1927, no. 37.",Impressionism,2025-08-02 19:13:37.406590,2026-01-02 19:13:37.406590
76,"Berenson and the Connoisseurship of Italian Painting, National Gallery of Art, Washington, D.C., 1979, no. 1, repro.",Contemporary,2025-01-05 19:50:55.638578,2025-04-05 19:50:55.638578
77,"Antonello da Messina, Museo di Arte Moderna e Contemporanea di Trento e Rovereto, Rovereto, 2013-2014, no. 18, repro.",The Human Condition,2024-12-08 08:51:19.611592,2025-02-08 08:51:19.611592
78,"Antonello da Messina, Palazzo Reale, Milan, 2019.",Surrealism,2026-01-06 15:35:55.461792,2026-03-06 15:35:55.461792
79,"Antonello da Messina, Museo di Arte Moderna e Contemporanea di Trento e Rovereto, Rovereto, 2013-2014, no. 34, repro.",The Human Condition,2025-01-07 23:04:32.764970,2025-05-07 23:04:32.764970
80,"Gemälde alter Meister aus Berliner Besitz, Akademie der Künste, Berlin, 1925.",Urban Life,2026-02-16 22:27:22.606310,2026-06-16 22:27:22.606310
81,"The Golden Century of Venetian Painting, Los Angeles County Museum of Art, 1979-1980, no. 21, repro. ",Fauvism,2025-06-26 17:35:50.842283,2025-09-26 17:35:50.842283
82,"Tiziano [NGA title: Titian: Prince of Painters], Palazzo Ducale, Venice; National Gallery of Art, Washington, 1990-1991, no. 51, repro.",Women in Art,2025-01-03 17:06:02.891878,2025-02-03 17:06:02.891878
83,"Le siècle de Titien: L'âge d'or de la peinture à Venise, Galeries du Grand Palais, Paris, 1993, no. 178, repro., as _Vénus à sa toilette_.",Post-Modern,2024-06-03 23:14:48.189122,2024-08-03 23:14:48.189122
84,"Nicholas I and the New Hermitage, The State Hermitage Museum, St. Petersburg, Russia, 2002, unnumbered catalogue.",Women in Art,2025-10-03 11:57:11.840547,2025-11-03 11:57:11.840547
85,"Tiziano / Rubens. Venus ante el espejo, Fundación Colección Thyssen-Bornemisza, Madrid, 2002-2003, no. 2, repro.",Fauvism,2025-05-28 23:51:16.224527,2025-08-28 23:51:16.224527
86,"Der späte Tizian und die Sinnlichkeit der Malerei / Tiziano maturo e la sensualità della pittura, Kunsthistorisches Museum, Vienna; Gallerie dell'Accademia, Venice, 2007-2008, no. 2.5, repro. (shown only in Vienna).",Urban Life,2025-02-01 23:37:59.197625,2025-04-01 23:37:59.197625
87,"Titian, Tintoretto, Veronese: Rivals in Renaissance Venice, Museum of Fine Arts, Boston; Musée du Louvre, Paris, 2009-2010, no. 30 (no. 29 in French catalogue), repro.",Modernism,2026-02-01 10:56:02.854546,2026-07-01 10:56:02.854546
88,"Pictures by Italian, Spanish, Flemish, Dutch, French, and English Masters, British Institution, London, 1859, no. 40, as Head of a Man by Titian.",Mythology,2025-08-05 02:25:26.206331,2025-10-05 02:25:26.206331
89,"The Pastoral Landscape: The Legacy of Venice, The National Gallery of Art, Washington, D.C., 1988-1989, no. 39, fig. 44.",Portraits,2025-07-04 07:17:14.411085,2026-01-04 07:17:14.411085
90,"Old Master Italian Paintings, Prints and Drawings, Yellowstone Art Center, Billings, Montana, 1991, color repro. in brochure.",Minimalism,2024-09-07 18:06:29.600034,2024-11-07 18:06:29.600034
91,"A Collector's Cabinet, National Gallery of Art, Washington, D.C., 1998, no. 34.",Renaissance,2024-06-16 22:25:53.816062,2024-12-16 22:25:53.816062
92,"Loan Exhibition of the Benson Collection of Old Italian Masters, City of Manchester Art Gallery, 1927, no. 26.",Landscapes,2024-03-23 07:46:41.017261,2024-07-23 07:46:41.017261
93,"Bernardino Luini e i suoi figli [Bernardino Luini and His Sons], Palazzo Reale, Milan, 2014, no. 40, repros
.",Landscapes,2025-06-08 22:41:22.903688,2025-08-08 22:41:22.903688
94,"A Collector's Cabinet, National Gallery of Art, Washington, D.C., 1998, no. 63, fig. 23.",Abstract Forms,2024-07-04 14:15:43.112942,2024-11-04 14:15:43.112942
95,"Paolo Veronese: A Master and His Workshop in Renaissance Venice, The John and Mable Ringling Museum of Art, Sarasota, 2012-2013, no. 21, repro.",Impressionism,2025-02-23 15:38:39.882620,2025-06-23 15:38:39.882620
96,"Exposition de la toison d'or et de l'art néerlandais sous les Ducs de Bourgogne, Bruges, 1907, no. 175.",Renaissance,2024-06-26 18:59:37.974737,2024-09-26 18:59:37.974737
97,"Jan Van Eyck's 'Annunciation', National Gallery of Art, Washington, D.C., 1994, brochure, color repro.",Women in Art,2026-02-23 11:35:39.594671,2026-07-23 11:35:39.594671
98,"Van Eyck's 'Annunciation': The Meeting of Heaven and Earth, The Art Institute of Chicago, 1997, brochure, color repro. on cover and fig. 2 (detail).",Indigenous Art,2025-08-14 14:38:16.790517,2025-12-14 14:38:16.790517
99,"Masterpieces from Museums Around the World: Van Eyck 'Annunciation' from the Collection of the National Gallery of Art (Washington, D. C.), The State Hermitage Museum, St. Petersburg, 1997, no cat.",Mythology,2025-09-11 14:18:44.662201,2026-01-11 14:18:44.662201
100,"Recognizing Van Eyck, The National Gallery, London; Philadelphia Museum of Art, 1998, no. 3, repro.",Abstract Forms,2025-11-28 04:50:49.175214,2026-04-28 04:50:49.175214
101,"Jan van Eyck, de Vlaamse Primitieven en het Zuiden [Jan van Eyck, Early Netherlandish Painting and Southern Europe], Groeningemuseum, Bruges, 2002, no. 19, fig. 17, repro. (catalogue titled _The Age of Van Eyck, 1430-1530: The Mediterranean World and Early Netherlandish Painting_).",Women in Art,2024-05-10 11:04:33.867840,2024-11-10 11:04:33.867840
102,"The Road to Van Eyck, Museum Boijmans Van Beuningen, Rotterdam, 2012-2013.",Florals,2025-12-20 02:02:33.292794,2026-06-20 02:02:33.292794
103,"Dialog der Meisterwerke. English Masterworks in Dialogue: Eminent Guests for the Anniversary, Städel Museum, Frankfurt, 2015-2016.",Architecture,2025-04-04 04:40:01.988162,2025-06-04 04:40:01.988162
104,"Truth and Beauty: the Pre-Raphaelites and the Old Masters, Legion of Honor, San Francisco, 2018.",Modernism,2024-08-03 06:23:33.711469,2024-11-03 06:23:33.711469
105,"Jan van Eyck: An Optical Revolution, Museum voor Schone Kunsten, Ghent, 2020, no. 1.3, repro.",Surrealism,2026-01-19 02:43:45.102573,2026-06-19 02:43:45.102573
106,"Petrus Christus: Renaissance Master of Bruges, The Metropolitan Museum of Art, New York, 1994, no. 17, repro.",Abstract Forms,2024-11-03 18:11:36.319926,2025-01-03 18:11:36.319926
107,"Monochrome: Painting in Black and White, National Gallery, London; Museum Kunstpalast, Dusselddorf, 2017-1018, no. 6, repro.",Surrealism,2026-02-08 06:54:03.993719,2026-06-08 06:54:03.993719
108,"Exposition des primitifs flamands et d'art ancien, Hôtel de Gouvernement Provincial, Bruges, 1902, no. 79.",Florals,2025-08-09 05:03:30.834713,2026-02-09 05:03:30.834713
109,"Loan Exhibition of Flemish Primitives, F. Kleinberger Galleries, Inc., New York, 1929, no. 22.",Surrealism,2024-04-28 03:20:15.686417,2024-07-28 03:20:15.686417
110,"Memling. Rinascimento fiammingo, Scuderie del Quirinale, Rome, 2014-2015, no. 28, repro.",Architecture,2024-08-20 23:10:55.076651,2024-09-20 23:10:55.076651
111,"Exposition des primitifs flamands et d'art ancien, Hôtel de Gouvernement Provincial, Bruges, 1902, no. 70.",Baroque,2026-03-18 22:22:19.287618,2026-05-18 22:22:19.287618
112,"Exposition de la miniature, Hôtel Goffinet, Brussels, 1912, no. 2031.",Black Culture,2024-06-21 04:34:02.857963,2024-11-21 04:34:02.857963
113,"Hans Memling, Groeningemuseum, Bruges, Belgium, 1994, no. 11, repro.",Architecture,2024-09-19 04:50:17.487738,2025-02-19 04:50:17.487738
114,"The Portraits of Memling, Museo Thyssen-Bornemisza, Madrid; Groeningemuseum, Bruges; The Frick Collection, New York, 2005, no. 13 [Madrid] and 11 [Bruges], repro.",Modernism,2024-06-15 06:51:32.001532,2024-08-15 06:51:32.001532
115,"Michel Sittow: Estonian Painter at the Courts of Renaissance Europe, National Gallery of Art, Washington, D.C.; Kumu Art Museum, Tallinn, Estonia, 2018, no. 7, repro.",The Human Condition,2024-08-22 06:42:42.948956,2024-12-22 06:42:42.948956
116,"On loan to The Metropolitan Museum of Art, New York, 1911-1916, no cat.",Post-Modern,2025-05-03 03:58:46.754825,2025-08-03 03:58:46.754825
117,"Paintings and Sculpture Owned in Washington, Phillips Memorial Gallery, Washington, D.C., 1937, no. 7.",Post-Modern,2025-08-07 21:54:54.010717,2026-01-07 21:54:54.010717
118,"From Van Eyck to Bruegel: Early Netherlandish Painting in The Metropolitan Museum of Art, The Metropolitan Museum of Art, New York, 1998-1999, fig. 99.",Portraits,2025-03-05 23:04:21.423665,2025-09-05 23:04:21.423665
119,"Exposition des primitifs flamands et d'art ancien, Hôtel de Gouvernement Provincial, Bruges, 1902, no. 108.",Women in Art,2024-10-02 22:56:51.522163,2025-04-02 22:56:51.522163
120,"Flemish and Belgian Art 1300-1900, Royal Academy of Arts, London, 1927, no. 33.",Minimalism,2024-08-09 12:43:52.575542,2025-02-09 12:43:52.575542
121,"Loan Exhibition of Flemish Primitives, F. Kleinberger Galleries, New York, 1929, no. 8.",Urban Life,2024-08-28 12:20:20.477602,2024-12-28 12:20:20.477602
122,"Virtue and Beauty: Leonardo's 'Ginevra de' Benci' and Renaissance Portraits of Women, National Gallery of Art, Washington, D.C., 2001-2002, no. 13, color repro.",17th Century French,2025-02-09 20:17:21.372883,2025-07-09 20:17:21.372883
123,"Flemish and Belgian Art, 1300-1900, Royal Academy of Arts, London, no. 30, as Rogier van der Weyden.",Indigenous Art,2024-06-20 02:42:29.694909,2024-09-20 02:42:29.694909
124,"Cinq siècles d'art Bruxellois, Exposition Universelle, Brussels, 1935, no. 11, as Rogier van der Weyden.",Portraits,2024-06-05 00:19:16.495678,2024-12-05 00:19:16.495678
125,"The Heritage of Rogier van der Weyden: Painting in Brussels 1450-1520, Musées royaux des Beaux-Arts de Belgique, Brussels, 2013, no. 21.1, repro.",17th Century French,2025-09-03 07:54:36.249731,2025-10-03 07:54:36.249731
126,"A Loan Exhibition of Sixteen Masterpieces, M. Knoedler & Co., Inc., New York, 1930, no. 14.",The Human Condition,2025-06-13 20:56:31.703711,2025-08-13 20:56:31.703711
127,"Circa 1492: Art in the Age of Exploration, National Gallery of Art, Washington, D.C., 1991-1992, no. 47, repro.",The Human Condition,2025-05-25 12:28:56.332928,2025-09-25 12:28:56.332928
128,"Hispania-Austria: Die Katholischen Könige - Maximilian I und di Anfange der Casa de Austria in Spanien, Schloss Ambras, Innsbruck (part of the Kunsthistorisches Museum, Vienna), July-September 1992, no. 191, repro.",Contemporary,2025-07-25 11:48:07.199649,2025-09-25 11:48:07.199649
129,"Reyes Y Mecenas: Los Reyes Católicos - Maximiliano I y los Inicios de la Casa de Austria en España, Museo de Santa Cruz, Toledo, Spain, March-May 1992, no. 87, repro.",Portraits,2025-02-10 18:32:22.767762,2025-03-10 18:32:22.767762
130,"Prayers and Portraits: Unfolding the Netherlandish Diptych, National Gallery of Art, Washington, D.C.; Koninklijk Museum voor Schone Kunsten, Antwerp, 2006-2007, no. 34, repro.",Modernism,2025-04-27 01:37:13.651376,2025-05-27 01:37:13.651376
131,"Michel Sittow: Estonian Painter at the Courts of Renaissance Europe, National Gallery of Art, Washington, D.C.; Kumu Art Museum, Tallinn, Estonia, 2018, no. 13, repro.",Black Culture,2024-08-17 04:31:38.139124,2024-10-17 04:31:38.139124
132,"Anthony van Dyck, National Gallery of Art, Washington, D.C., 1990-1991, no. 23, color repro.",Surrealism,2024-06-27 11:58:49.313049,2024-08-27 11:58:49.313049
133,"Von Bruegel bis Rubens: Das goldene Jahrhundert der flämischen Malerei, Wallraf-Richartz-Museums, Cologne; Koninklijk Museum voor Schone Kunsten, Antwerp; Kunsthistorischen Museum, Vienna, 1992-1993, no. 61.1 (German cat.), no. 52 (Dutch cat.), repros.",Surrealism,2024-10-17 22:41:28.914067,2025-02-17 22:41:28.914067
134,"Van Dyck 1599-1641, Koninklijk Museum voor Schone Kunsten, Antwerp; Royal Academy of Arts, London, 1999, no. 27, repro.",Portraits,2026-02-01 08:14:04.487967,2026-05-01 08:14:04.487967
135,"Isabella Rubens, Alte Pinakothek, Munich, 2003-2004, no cat.",Mythology,2025-01-05 01:38:21.253569,2025-02-05 01:38:21.253569
136,"Loan for display with permanent collection, Alte Pinakothek, Munich, January-February 2004.",Landscapes,2026-01-29 20:08:21.128179,2026-05-29 20:08:21.128179
137,"A House of Art: Rubens as Collector, Rubenshuis, Antwerp, March-June 2004, no. 56, repro.",17th Century French,2025-11-21 02:00:58.028470,2025-12-21 02:00:58.028470
138,"Rubens & Van Dyck, Nationalmuseum, Stockholm, 2010, no. 29, repro.",Women in Art,2024-10-12 04:05:18.847726,2025-02-12 04:05:18.847726
139,"Palazzo Rubens. The Master as Architect, Rubenshuis, Antwerp, 2011, no. 57, fig. 129.",Surrealism,2025-07-20 17:20:24.428331,2025-09-20 17:20:24.428331
140,"The Young Van Dyck, Museo Nacional del Prado, Madrid, 2012-2013, no. 90, repro.",Florals,2025-08-19 13:01:21.205422,2025-12-19 13:01:21.205422
141,"Rubens in Private: The Master Portrays his Family, Rubenshuis, Antwerp, 2015, no. 18, repro.",Landscapes,2025-11-02 12:52:42.935537,2026-01-02 12:52:42.935537
142,"Anthony van Dyck, National Gallery of Art, Washington, D.C., 1990-1991, no. 21, color repro.",Fauvism,2025-01-15 02:55:54.699805,2025-07-15 02:55:54.699805
143,"The Young Van Dyck, Museo Nacional del Prado, Madrid, 2012-2013, no. 89, repro.",Post-Modern,2024-04-05 11:58:12.778694,2024-06-05 11:58:12.778694
144,"Caroline Louise of Baden: A collector of European standing, Staatliche Kunsthalle Karlsruhe, 2015, Malereikabinett no. 61, repro.",Abstract Forms,2026-03-19 12:27:11.221314,2026-05-19 12:27:11.221314
145,"Van Dyck, Bayerisches Staatsgemäldesammlungen - Alte Pinakothek, Munich, 2019 - 2020, no. 30, repro.",Mythology,2024-05-17 10:19:56.265410,2024-10-17 10:19:56.265410
146,"Pictures by Italian, Spanish, Flemish, Dutch, and French Masters, British Institution, London, 1836, no. 103.",Impressionism,2024-07-09 03:58:16.175678,2024-10-09 03:58:16.175678
147,"Pictures by Italian, Spanish, Flemish, Dutch, French, and English Masters, British Institution, London, 1862, no. 35.",Fauvism,2025-08-13 13:52:09.806851,2025-09-13 13:52:09.806851
148,"Exhibition of the Works of the Old Masters. Winter Exhibition, Royal Academy of Arts, London, 1870, no. 26, as A Portrait.",Abstract Forms,2025-08-01 20:00:22.176374,2025-11-01 20:00:22.176374
149,"Exhibition of the Works of Sir Anthony Van Dyck, Grosvenor Gallery, London, 1887, no. 77, as The Marchesa Balbi of Genoa.",Mythology,2024-07-23 13:28:35.570081,2024-12-23 13:28:35.570081
150,"Exhibition of Works by Van Dyck 1599-1641. Winter Exhibition, Royal Academy of Arts, London, 1900, no. 70.",Portraits,2025-07-15 11:36:06.654327,2025-08-15 11:36:06.654327
151,"Second National Loan Exhibition: Woman and Child in Art, Grosvenor Gallery, London, 1913-1914, no. 100, repro.",Florals,2025-03-16 00:35:39.664202,2025-07-16 00:35:39.664202
152,"Anthony van Dyck, National Gallery of Art, Washington, D.C., 1990-1991, no. 24, color repro.",Indigenous Art,2025-06-09 16:31:06.926414,2025-08-09 16:31:06.926414
153,"Kunst in der Republik Genua 1528-1815, Schirn Kunsthalle Frankfurt, 1992, no. 11, repro., as Bildnis einer vornehmen Genueserin.",Indigenous Art,2026-03-04 20:42:16.485008,2026-06-04 20:42:16.485008
154,"Genova nell'età Barocca, Galleria Nazionale della Liguria (in the Palazzo Spinola di Pellicceria), Genoa, 1992, no. 169, repro.",The Human Condition,2024-12-07 07:55:52.980521,2025-05-07 07:55:52.980521
155,"Van Dyck a Genova: Grande pittura e collezionismo, Palazzo Ducale, Genoa, 1997, no. 36, repro.",Expressionism,2024-07-28 14:17:58.457360,2024-10-28 14:17:58.457360
156,"Van Dyck Tentoonstelling ter gelegenheid der 300e verjaring der beboorte van den Meester, Museum van Schoone Kunsten, Antwerp, 1899, no. 85.",Women in Art,2025-07-17 11:50:46.953399,2025-12-17 11:50:46.953399
157,"Exhibition of Works by Van Dyck 1599-1641. Winter Exhibition, Royal Academy of Arts, London, 1900, no. 61.",Impressionism,2024-04-05 13:24:40.337250,2024-09-05 13:24:40.337250
158,"Anthony van Dyck, National Gallery of Art, Washington, D.C., 1990-1991, no. 63, color repro.",Modernism,2024-06-20 01:06:33.771204,2024-12-20 01:06:33.771204
159,"Houghton Hall: The Prime Minister, The Empress and The Heritage, Castle Museum Norwich; Kenwood House, London, 1996-1997, no. 26, repro.",Florals,2025-01-04 02:31:36.281240,2025-04-04 02:31:36.281240
160,"The Theatrical Baroque, David and Alfred Smart Museum of Art, University of Chicago, 2001, no. 16, fig. 4.",Surrealism,2024-09-06 11:01:57.747999,2025-03-06 11:01:57.747999
161,"Houghton Hall: Portrait of an English Country House, Museum of Fine Arts, Houston; California Palace of the Legion of Honor, The Fine Arts Museums of San Francisco; Frist Center for the Visual Arts, Nashville, 2014-2015, not in catalogue.",Black Culture,2025-12-01 16:13:21.948938,2026-03-01 16:13:21.948938
162,"Dutch and Flemish Treasures from the National Gallery of Art, Chrysler Museum of Art, Norfolk, 2003, no catalogue.",Indigenous Art,2025-09-09 11:16:20.400310,2025-11-09 11:16:20.400310
163,"Dutch Portraits: The Age of Rembrandt and Frans Hals, The National Gallery, London; Royal Picture Gallery Mauritshuis, The Hague, 2007-2008, no. 28, repro.",The Human Condition,2024-08-23 09:14:12.749255,2024-12-23 09:14:12.749255
164,"Art Treasures of the United Kingdom: Paintings by Ancient Masters, Art Treasures Palace, Manchester, 1857, no. 513, as His Own Portrait by Sir Antonio More.",The Human Condition,2025-08-05 03:43:07.862192,2025-12-05 03:43:07.862192
165,"Special Exhibition of National Portraits Ending with the Reign of King James the Second, South Kensington Museum, London, 1866, no. 186.",Surrealism,2024-09-16 01:55:52.721937,2025-03-16 01:55:52.721937
166,"Exhibition of the Royal House of Tudor, Corporation of Manchester Art Gallery, Manchester, 1897, no. 126.",Modernism,2025-02-22 11:41:19.205808,2025-08-22 11:41:19.205808
167,"Dutch Exhibition, Whitechapel Art Gallery, London, 1904, no. 140.",Black Culture,2025-06-11 08:38:03.396956,2025-08-11 08:38:03.396956
168,"Exhibition of Works by the Old Masters, Royal Academy of Arts, London, 1907, no. 8.",Fauvism,2025-07-12 21:27:07.742227,2025-08-12 21:27:07.742227
169,"Flemish and Belgian Art, 1300-1900, Royal Academy of Arts, London, 1927, no. 231.",Romanticism,2024-08-18 20:57:02.646621,2025-01-18 20:57:02.646621
170,"Loan Exhibition of Dutch Masters of the Seventeenth Century, M. Knoedler & Co., New York, 1925, no. 1.",Abstract Forms,2024-07-16 09:29:51.131910,2025-01-16 09:29:51.131910
171,"[Loan exhibition for the opening of the new building], Fogg Art Museum, Cambridge, 1927, no catalogue.",Florals,2026-02-21 11:00:29.680948,2026-04-21 11:00:29.680948
172,"A Loan Exhibition of Twelve Masterpieces of Painting, M. Knoedler & Co., New York, 1928, no. 12.",Women in Art,2025-02-23 20:02:47.673729,2025-08-23 20:02:47.673729
173,"Johannes Vermeer, National Gallery of Art, Washington, D.C.; Royal Cabinet of Paintings Mauritshuis, The Hague, 1995-1996, no. 14, repro.",Indigenous Art,2025-02-15 00:34:36.312131,2025-08-15 00:34:36.312131
174,"A Collector's Cabinet, National Gallery of Art, Washington, D.C., 1998, no. 60.",Fauvism,2025-02-04 09:54:31.412978,2025-04-04 09:54:31.412978
175,"Johannes Vermeer: The Art of Painting, National Gallery of Art, Washington, D.C., 1999-2000, brochure, fig. 11.",Portraits,2024-05-18 03:30:34.368065,2024-07-18 03:30:34.368065
176,"Vermeer and the Delft School, The Metropolitan Museum of Art, New York; The National Gallery, London, 2001, no. 74, repro.",The Human Condition,2024-08-23 16:11:38.640621,2025-01-23 16:11:38.640621
177,"Vermeer y el interior holandés, Museo Nacional del Prado, Madrid, 2003, no. 37, repro.",Impressionism,2025-09-12 13:52:51.330537,2026-01-12 13:52:51.330537
178,"Vermeer: Il secolo d'oro dell'arte olandese, Scuderie del Quirinale, Rome, 2012-2013, no. 49, repro.",Mythology,2026-02-18 12:44:39.624135,2026-04-18 12:44:39.624135
179,"Small Treasures: Rembrandt, Vermeer, Hals, and Their Contemporaries, North Carolina Museum of Art, Raleigh; Birmingham Museum of Art, 2014-2015, no. 43, repro.",Baroque,2026-01-16 04:20:04.466219,2026-06-16 04:20:04.466219
180,"Making the Difference: Vermeer and Dutch Art, Ueno Royal Museum, Tokyo; Osaka City Museum, 2018-2019, no. 47, repro. (shown only in Tokyo).",Minimalism,2024-12-23 09:49:46.668772,2025-05-23 09:49:46.668772
181,"Vermeer's Secrets, National Gallery of Art, Washington, 2022 - 2023, no catalogue.",Abstract Forms,2025-03-09 11:55:40.950020,2025-07-09 11:55:40.950020
182,"Kaiser-Friedrich Museum, Berlin, 1927 (information from Knoedler prospectus).",Baroque,2024-12-07 02:20:15.730644,2025-03-07 02:20:15.730644
183,"Exhibition of Dutch Art 1450-1900, Royal Academy of Arts, London, 1929, no. 317, as Head of a Young Girl by Johannes Vermeer.",Fauvism,2025-02-21 14:10:18.965595,2025-04-21 14:10:18.965595
184,"The Art of Sleuthing, Bob Jones University Museum & Gallery, Greenville, South Carolina, 2015-2017, no catalogue.",Baroque,2024-08-17 04:43:21.357049,2024-10-17 04:43:21.357049
185,"Masterworks of Five Centuries, Golden Gate International Exposition, San Francisco, 1939, no. 81a, repro.",Black Culture,2025-07-23 16:32:53.304231,2026-01-23 16:32:53.304231
186,"Pieter de Hooch, Dulwich Picture Gallery, London; Wadsworth Atheneum, Hartford, 1998-1999, no. 19, repro., as Two Soldiers and a Woman Drinking in a Courtyard.",Landscapes,2024-08-10 02:47:55.742598,2025-01-10 02:47:55.742598
187,"Johannes Vermeer: The Art of Painting, National Gallery of Art, Washington, D.C., 1999-2000, not in brochure.",Mythology,2025-03-23 14:57:47.352175,2025-06-23 14:57:47.352175
188,"Vermeer and the Delft School, The Metropolitan Museum of Art, New York; The National Gallery, London, 2001, no. 33, repro.",Urban Life,2025-08-13 14:19:33.200110,2025-10-13 14:19:33.200110
189,"Vermeer: La ragazza alla spinetta e i pittori di Delft, Foro Boario, Modena, 2007, no. 10, repro.",Portraits,2025-06-25 08:35:58.563152,2025-12-25 08:35:58.563152
190,"The New American Garden: the Landscape Architecture of Oehme, Van Sweden & Associates, National Building Museum, Washington, 2015-2016, not in gallery guide (travelling exhibition of photographs; painting shown only in Washington).",Maritime History,2025-03-17 23:52:44.197578,2025-05-17 23:52:44.197578
191,"Building the Brafferton: The Founding, Funding and Legacy of America's Indian School, Muscarelle Museum of Art, Williamsburg, 2016-2017, no catalogue.",Abstract Forms,2025-11-15 06:16:07.060941,2026-02-15 06:16:07.060941
192,"Pieter de Hooch in Delft.  From the Shadow of Vermeer, Museum Prinsenhof, Delft, 2019-2020, no. 14a, repro.",Minimalism,2024-03-24 13:37:21.290291,2024-04-24 13:37:21.290291
193,"The Works of Ancient Masters, British Institution, London, 1834, no. 103.",Black Culture,2025-10-31 03:11:15.257029,2026-01-31 03:11:15.257029
194,"Pictures by Italian, Spanish, Flemish, Dutch, French and English Masters, British Institution, London, 1850, no. 48, as _An Interior_.",Impressionism,2024-07-12 07:31:19.447247,2024-09-12 07:31:19.447247
195,"Art Treasures of the United Kingdom: Paintings by Ancient Masters, Art Treasures Palace, Manchester, 1857, no. 1059.",Modernism,2025-10-02 20:08:05.351102,2026-03-02 20:08:05.351102
196,"Exhibition of the Works of the Old Masters, associated with Works of Deceased Masters of the British School. Winter Exhibition, Royal Academy of Arts, London, 1871, no. 211.",Florals,2025-06-19 08:19:09.705162,2025-09-19 08:19:09.705162
197,"Exhibition of Works by the Old Masters, and by Deceased Masters of the British School. Winter Exhibition, Royal Academy of Arts, London, 1889, no. 128.",Post-Modern,2024-10-11 06:35:47.586912,2024-12-11 06:35:47.586912
198,"Loan Collection of Pictures, Corporation of London Art Gallery (Guildhall), London, 1895, no. 121.",Maritime History,2026-01-30 13:24:57.055268,2026-05-30 13:24:57.055268
199,"Exhibition of Pictures by Dutch Masters of the Seventeenth Century, Burlington Fine Arts Club, London, 1900, no. 47.",Black Culture,2024-07-31 08:25:57.937271,2024-10-31 08:25:57.937271
200,"Gabriel Metsu, 1629-1667, National Gallery of Ireland, Dublin; Rijksmuseum, Amsterdam; National Gallery of Art, Washington, D.C., 2010-2011, no. 34, fig. 126.",Fauvism,2025-06-22 03:57:58.594792,2025-11-22 03:57:58.594792
201,"Vermeer and the Masters of Genre Painting: Inspiration and Rivalry, Musée du Louvre, Paris; National Gallery of Ireland, Dublin; National Gallery of Art, Washington, 2017-2018, no. 8.3, repro.",Expressionism,2024-04-27 04:19:19.923075,2024-07-27 04:19:19.923075
202,"Masterpieces of Art. European Paintings and Sculpture from 1300-1800, New York World's Fair, 1939, no. 369.",Maritime History,2024-06-23 13:42:00.646837,2024-11-23 13:42:00.646837
203,"Gerard ter Borch, National Gallery of Art, Washington, D.C.; Detroit Institute of Arts, 2004-2005, no. 30, repro.",Romanticism,2025-09-17 23:45:24.863249,2025-11-17 23:45:24.863249
204,"Sparkling Satin - The Best of Gerard ter Borch, Rijksmuseum, Amsterdam, 2005, no catalogue.",Mythology,2024-04-27 18:59:59.025105,2024-05-27 18:59:59.025105
205,"Vermeer and the Masters of Genre Painting: Inspiration and Rivalry, Musée du Louvre, Paris; National Gallery of Ireland, Dublin; National Gallery of Art, Washington, 2017-2018, no. 8.2, repro.",Renaissance,2024-04-18 13:57:12.362661,2024-05-18 13:57:12.362661
206,"British Institution for Promoting the Fine Arts in the United Kingdom, London, 1866, no. 43.",Contemporary,2025-10-07 20:26:21.371990,2026-02-07 20:26:21.371990
207,"Works by Old Masters and by Deceased Masters of the British School. Winter Exhibition, Royal Academy of Arts, London, 1883, no. 243.",Urban Life,2024-08-14 09:43:46.373132,2024-09-14 09:43:46.373132
208,"Loan Collection of Pictures, Art Gallery of the Corporation of London, Guildhall, London, 1894, no. 51.",Landscapes,2024-12-24 13:04:16.712103,2025-04-24 13:04:16.712103
209,"Exhibition of a Selection of Works by Early and Modern Painters of the Dutch School, Art Gallery of the Corporation of London, Guildhall, London, 1903, no. 176.",Minimalism,2025-05-02 11:45:44.694246,2025-08-02 11:45:44.694246
210,"Paintings by Old Masters from Pittsburgh Collections, Carnegie Institute, Pittsburgh, 1925, no. 10.",Urban Life,2024-06-04 05:18:57.375785,2024-10-04 05:18:57.375785
211,"Time and Transformation in Dutch Seventeenth Century Art, The Frances Lehman Loeb Art Center, Vassar College, Poughkeepsie; The John and Mable Ringling Museum of Art, Sarasota; The Speed Art Museum, Louisville, 2005-2006, no. 13, repro.",Minimalism,2024-11-11 11:40:44.015421,2024-12-11 11:40:44.015421
212,"British Institution for Promoting the Fine Arts in the United Kingdom, London, 1818, no. 84.",Impressionism,2025-07-09 16:37:22.931600,2025-08-09 16:37:22.931600
213,"_L'Exposition de Tableaux_, Palais de S.A.R. le Duc de Brabant, Brussels, 1855, no. 1 in room B.",Urban Life,2025-11-03 08:37:00.491023,2026-03-03 08:37:00.491023
214,"Ausstellung der De Ridder Sammlung, Städelsches Kunstinstitut und Städtische Galerie, Frankfurt-am-Main, 1911-1913, no catalogue.",Maritime History,2025-06-03 10:06:42.206269,2025-10-03 10:06:42.206269
215,"The Collection of Pictures of the late Herr A. de Ridder, Formerly in his Villa at Shönberg near Cronberg in the Taunus, F. Kleinberger Galleries, New York, 1913, no. 60, repro.",Urban Life,2024-12-03 07:36:52.178190,2025-03-03 07:36:52.178190
216,"Dutch Masters of the Seventeenth Century, Knoedler Galleries, New York, 1925, no. 17, repro.",17th Century French,2025-10-03 12:16:50.595487,2025-12-03 12:16:50.595487
217,"El Siglo de Oro del Paisaje Holandés [The Golden Age of Dutch Landscape], Fundación Colección Thyssen-Bornemisza, Madrid, 1994-1995, no. 32, repro.",Post-Modern,2024-06-24 06:25:34.144373,2024-10-24 06:25:34.144373
218,"British Institution for Promoting the Fine Arts in the United Kingdom, London, 1840, no. 22.",Fauvism,2025-02-17 06:31:10.545389,2025-03-17 06:31:10.545389
219,"British Institution for Promoting the Fine Arts in the United Kingdom, London, 1851, no. 49.",Maritime History,2025-02-10 01:42:31.361722,2025-05-10 01:42:31.361722
220,"Art Treasures of the United Kingdom: Paintings by Ancient Masters, Art Treasures Palace, Manchester, 1857, no. 767.",Women in Art,2025-03-14 04:33:42.835324,2025-08-14 04:33:42.835324
221,"British Institution for Promoting the Fine Arts in the United Kingdom, London, 1862, no. 3.",17th Century French,2024-11-06 10:46:08.893123,2024-12-06 10:46:08.893123
222,"Exhibition of Works by the Old Masters, and by Deceased Masters of the British School. Winter Exhibition, Royal Academy of Arts, London, 1887, no. 59.",Impressionism,2024-04-13 16:40:57.404085,2024-08-13 16:40:57.404085
223,"Exhibition of Pictures by Dutch Masters of the Seventeenth Century, Burlington Fine Arts Club, London, 1900, no. 24.",Renaissance,2025-05-22 03:58:07.098474,2025-07-22 03:58:07.098474
224,"The Hudson-Fulton Celebration, The Metropolitan Museum of Art, New York, 1909, no. 48, repro.",Expressionism,2024-05-08 03:35:51.174510,2024-06-08 03:35:51.174510
225,"Loan Exhibition of the J. Pierpont Morgan Collection, The Metropolitan Museum of Art, New York, 1913-1916.",Mythology,2026-03-01 12:16:30.921320,2026-07-01 12:16:30.921320
226,"Clerics and Connoisseurs: An Irish Art Collection through Three Centuries, The Iveagh Bequest, Kenwood, London, 2001-2002, no. 24, repro.",Maritime History,2024-05-27 22:33:40.998644,2024-08-27 22:33:40.998644
227,"Ireland: Crossroads of Art and Design, 1690-1840, The Art Institute of Chicago, 2015, no. 59, fig. 6.",Contemporary,2024-05-11 15:33:43.549240,2024-07-11 15:33:43.549240
228,"British Institution for Promoting the Fine Arts in the United Kingdom, London, 1834, either no. 136 or no. 139.",Renaissance,2024-07-03 07:13:23.432946,2024-11-03 07:13:23.432946
229,"British Institution for Promoting the Fine Arts in the United Kingdom, London, 1845, either no. 49 or no. 52.",Abstract Forms,2025-06-23 11:11:54.232622,2025-08-23 11:11:54.232622
230,"Works of Old Masters, Burlington Fine Arts Club, London, 1871, either no. 35 or no. 41.[1]",The Human Condition,2025-03-23 15:38:14.825620,2025-08-23 15:38:14.825620
231,"Paintings by Old Masters from Pittsburgh Collections, Carnegie Institute, Pittsburgh, 1925, no. 28.",Architecture,2026-01-18 08:36:52.018943,2026-07-18 08:36:52.018943
232,"A Loan Exhibition of Dutch Paintings, Detroit Institute of Arts, 1925, no. 11.",Black Culture,2025-11-12 20:49:41.142531,2026-01-12 20:49:41.142531
233,"Autumn Exhibition, Victoria Art Gallery, Bath, 1900, no. 41.",Fauvism,2025-05-15 02:01:44.012683,2025-08-15 02:01:44.012683
234,"Exhibition of Twenty Masterpieces (1400-1800) in Aid of King George V's Jubilee Trust, M. Knoedler & Co., London, 1935, no. 10.",Minimalism,2024-10-30 16:30:03.386987,2024-11-30 16:30:03.386987
235,"Bilder vom alten Menschen in der niederländischen und deutschen Kunst 1550-1750, Herzog Anton Ulrich-Museum, Braunschweig, 1993-1994, no. 44, repro.",Fauvism,2024-08-30 17:13:52.875440,2024-10-30 17:13:52.875440
236,"On loan to the Royal-Welfen Museum, Hanover, by 1863 until the 1870s.",Landscapes,2025-10-14 00:52:09.571060,2026-01-14 00:52:09.571060
237,"Royal Collection housed at Landschaftstrasse 3, Hanover, by 1876.",Indigenous Art,2025-08-24 11:38:58.791698,2025-11-24 11:38:58.791698
238,"Fidei-Kommiss Galerie des Gesamthaus Braunschweig-Lüneberg, Provinzial Musuem, Hanover, 1891-1924.",Abstract Forms,2025-03-12 21:20:08.112656,2025-04-12 21:20:08.112656
239,"A Loan Exhibition of Twelve Masterpieces of Painting, M. Knoedler & Co., New York, 1928, no. 6.",Architecture,2025-03-12 08:02:16.839918,2025-05-12 08:02:16.839918
240,"Dynasties:  Painting in Tudor and Jacobean England 1530-1630, Tate Gallery, London, 1995-1996, no. 6, repro. and cover.",The Human Condition,2026-03-16 00:58:30.850005,2026-08-16 00:58:30.850005
241,"Hans Holbein, Edward VI. als Kind. Ein Wiedersehen, Niedersächsisches Landesmuseum Hannover, 2000, no. 1, repro.",Fauvism,2025-06-09 05:33:17.090292,2025-10-09 05:33:17.090292
242,"Hans Holbein the Younger 1497/98-1543: Portraitist of the Renaissance, Koninklijk Kabinet van Schilderijen Mauritshuis, The Hague, 2003, no. 33, repro.",Florals,2025-03-11 01:13:22.119669,2025-06-11 01:13:22.119669
243,"Holbein in England, Tate Britain, London, 2006-2007, no. 108, repro.",17th Century French,2026-01-07 10:12:22.653167,2026-02-07 10:12:22.653167
244,"Les Tudors, Musée du Luxembourg, Paris, 2015, no. 42, fig. 58.",Minimalism,2026-01-23 19:13:31.758106,2026-03-23 19:13:31.758106
245,"Third Special Exhibition of National Portraits, South Kensington Museum, London, 1868, no. 625.",Fauvism,2025-07-25 19:03:29.267915,2025-12-25 19:03:29.267915
246,"Exhibition of Works by the Old Masters and by Deceased Masters of the British School, Royal Academy, London, 1880, no. 188.",Post-Modern,2024-09-16 04:01:56.544348,2025-02-16 04:01:56.544348
247,"Exhibition Illustrative of Early English Portraiture, Burlington Fine Arts Club, London, 1909, no. 43.",Landscapes,2026-03-01 06:54:50.008910,2026-06-01 06:54:50.008910
248,"Loan Exhibition of Masterpieces by Old and Modern Painters, M. Knoedler & Co., New York, 1915, no. 4.",Post-Modern,2026-03-10 08:41:42.567950,2026-08-10 08:41:42.567950
249,"Holbein in England, Tate Britain, London, 2006-2007, no. 141, repro.",Women in Art,2024-10-14 00:58:51.049932,2025-01-14 00:58:51.049932
250,"Catalogue of 100 Paintings by Old Masters, Sedelmeyer Gallery, Paris, 1905, no. 13.",Impressionism,2024-04-16 09:24:57.466104,2024-08-16 09:24:57.466104
251,"Ausstellung von Werken alter Kunst, Kaiser-Friedrich Museum, Berlin, 1906, no. 49.",Landscapes,2024-07-25 00:28:44.618638,2024-09-25 00:28:44.618638
252,"Masterpieces of Art. European Paintings and Sculpture from 1300-1800, New York World's Fair, 1939, no. 179.",Architecture,2025-06-24 16:47:41.840246,2025-11-24 16:47:41.840246
253,"Frans Hals, National Gallery of Art, Washington, D.C.; Royal Academy of Arts, London; Frans Halsmuseum, Haarlem, 1989-1990, no. 45, color repro.as Portrait of a Seated Woman.",Expressionism,2025-10-29 09:13:31.812305,2026-01-29 09:13:31.812305
254,"Frans Hals, National Gallery of Art, Washington, D.C., 1989, not in catalogue.",Mythology,2025-11-14 19:35:07.686512,2026-04-14 19:35:07.686512
255,"Museums of the World: Homage to the Pushkin Museum Centenary, Pushkin State Museum of Fine Arts, Moscow, 1998, unnumbered catalogue.",Indigenous Art,2026-02-24 02:16:47.972096,2026-03-24 02:16:47.972096
256,"Rembrandt en Retrato en Amsterdam, 1590-1670 [Rembrandt and Amsterdam portraiture, 1590-1670], Museo Thyssen-Bornemisza, Madrid, 2020, no. 77, repro.",Landscapes,2026-01-15 03:38:59.754580,2026-05-15 03:38:59.754580
257,"The Hudson-Fulton Celebration, The Metropolitan Museum of Art, New York, 1909, no. 37, as Balthasar Coymans.[1]",Impressionism,2026-02-24 06:59:14.398736,2026-05-24 06:59:14.398736
258,"1928 International Exhibition of Antiques and Art, Olympia, London, 1928, no. X22, as Portrait of Young Koeymanszoon van Ablasserdam.",Mythology,2025-09-05 11:51:22.721570,2026-02-05 11:51:22.721570
259,"Masterworks of Five Centuries, The Golden-Gate International Exposition, San Francisco, 1939, no. 80a, repro., as Portrait of Balthasar Coymans, Alderman of Haarlem.",Baroque,2025-09-26 17:12:04.471759,2025-10-26 17:12:04.471759
260,"Frans Hals, National Gallery of Art, Washington, D.C.; Royal Academy of Arts, London; Frans Halsmuseum, Haarlem, 1989-1990, no. 61, repro.",Women in Art,2026-03-01 15:49:03.075210,2026-07-01 15:49:03.075210
261,"Like Father, Like Son? Portraits by Frans Hals and Jan Hals, North Carolina Museum of Art, Raleigh, 2000, pl. 1.",Contemporary,2026-03-04 10:49:30.445565,2026-06-04 10:49:30.445565
262,"Loan for display with permanent collection, The National Gallery, London, 2003-2004.",Romanticism,2025-09-25 13:22:06.324807,2025-11-25 13:22:06.324807
263,"Dutch Portraits: The Age of Rembrandt and Frans Hals, The National Gallery, London; Royal Picture Gallery Mauritshuis, The Hague, 2007-2008, no. 24, repro.",Expressionism,2026-02-11 00:09:08.233209,2026-03-11 00:09:08.233209
264,"Frans Hals: the Male Portraits, Wallace Collection, London, 2021 - 2022, no. 10, repro.",Surrealism,2024-08-05 16:30:05.245813,2024-11-05 16:30:05.245813
265,"Paintings by Old Masters from Pittsburgh Collections, Carnegie Institute, Pittsburgh, 1925, no. 24, as Nicholas Berghen [Berchem].",Minimalism,2025-10-04 13:57:22.676879,2025-11-04 13:57:22.676879
266,"Houghton Hall: The Prime Minister, The Empress and The Heritage, Castle Museum Norwich; Kenwood House, London, 1996-1997, no. 12, repro., as Portrait of a Seated Man.",Impressionism,2025-08-30 11:55:55.255437,2025-12-30 11:55:55.255437
267,"Houghton Revisited: The Walpole Masterpieces from Catherine the Great's Hermitage, Houghton Hall, King's Lynn, 2013, no. 12, repro.",Post-Modern,2025-02-12 07:55:36.902457,2025-08-12 07:55:36.902457
268,"Exhibition of the Works of the Old Masters. Winter Exhibition, Royal Academy of Arts, London, 1872, no. 181.",Architecture,2024-04-16 14:36:49.421026,2024-06-16 14:36:49.421026
269,"Rembrandt. Collection des oeuvres des maîtres réunies, à l'occasion de l'inauguration de S. M. la Reine Wilhelmine, Stedelijk Museum, Amsterdam, 1898, no. 102.",Black Culture,2025-03-27 23:53:51.811177,2025-05-27 23:53:51.811177
270,"Exhibition of Works by Rembrandt. Winter Exhibition, Royal Academy of Arts, London, 1899, no. 6.",Contemporary,2025-09-07 01:26:23.107599,2025-12-07 01:26:23.107599
271,"The Thirteenth Loan Exhibition of Old Masters: Paintings by Rembrandt, The Detroit Institute of Arts, May 1930, no. 62.",Landscapes,2025-02-15 03:02:31.205862,2025-03-15 03:02:31.205862
272,"A Loan Exhibition of Sixteen Masterpieces, Knoedler Galleries, New York, January 1930, no. 8.",Urban Life,2025-07-13 00:38:25.686832,2025-08-13 00:38:25.686832
273,"Rembrandt Tentoonstelling, Rijksmuseum, Amsterdam, 1935, no. 26.",17th Century French,2025-10-06 05:51:40.912806,2025-12-06 05:51:40.912806
274,"Loan Exhibition of Paintings, Drawings and Etchings by Rembrandt and His Circle, The Art Institute of Chicago, 1935-1936, no. 6.",Florals,2025-04-03 18:00:49.006692,2025-06-03 18:00:49.006692
275,"Masterpieces of Art. European Paintings and Sculpture from 1300-1800, New York World's Fair, 1939, no. 307.",Renaissance,2025-02-05 02:35:07.021501,2025-04-05 02:35:07.021501
276,"Rembrandt in the National Gallery of Art [Commemorating the Tercentenary of the Artist's Death], National Gallery of Art, Washington, D.C., 1969, no. 19, repro.",Portraits,2024-12-17 05:08:31.451130,2025-04-17 05:08:31.451130
277,"Masterpieces of Western European Painting of the XVIth-XXth Centuries from the Museums of the European Countries and USA, State Hermitage Museum, Leningrad, 1989, no. 13, repro.",Landscapes,2025-11-12 04:44:27.533506,2025-12-12 04:44:27.533506
278,"Dutch Art and Scotland: A Reflection of Taste, National Gallery of Scotland, Edinburgh, 1992, no. 53, repro.",17th Century French,2025-04-21 21:36:57.123433,2025-06-21 21:36:57.123433
279,"Rembrandt: His Pupils and Followers, National Gallery of Ireland, Dublin, 1996, unnumbered brochure, repro.",Indigenous Art,2026-03-14 21:19:46.482425,2026-05-14 21:19:46.482425
280,"Rembrandt By Himself, The National Gallery, London; Royal Cabinet of Paintings Mauritshuis, The Hague, 1999-2000, no. 73, repro.",Urban Life,2024-08-07 13:37:25.463287,2025-01-07 13:37:25.463287
281,"Rembrandt: Dipinti, incisioni e riflessi sul '600 e '700 italiano, Scuderie del Quirinale, Rome, 2002-2003, no. 6D, repro. on title page.",Minimalism,2025-05-18 21:02:56.366312,2025-08-18 21:02:56.366312
282,"Rembrandt's People, Wadsworth Atheneum Museum of Art, Hartford, 2009-2010, brochure no. 3, repro. and cover.",Contemporary,2024-12-13 00:26:46.209015,2025-03-13 00:26:46.209015
283,"Rembrandt in America, North Carolina Museum of Art, Raleigh; Cleveland Museum of Art; Minneapolis Institute of Arts, 2011-2012, no. 34, pl. 9.",Expressionism,2025-07-18 07:12:13.070257,2025-09-18 07:12:13.070257
284,"Rembrandt: The Late Works, National Gallery, London; Rijksmuseum, Amsterdam, 2014-2015, no. 2, repro.",Romanticism,2024-07-05 16:07:47.585956,2024-08-05 16:07:47.585956
285,"British Institution for Promoting the Fine Arts in the United Kingdom, London, 1861, no. 123.",Baroque,2024-08-07 14:29:08.185049,2024-10-07 14:29:08.185049
286,"Paintings by Old Masters from Pittsburgh Collections, Carnegie Institute, Pittsburgh, 1925, no. 60.",Landscapes,2025-01-13 23:43:04.810493,2025-06-13 23:43:04.810493
287,"The Thirteenth Loan Exhibition of Old Masters: Paintings by Rembrandt, The Detroit Institute of Arts, 1930, no. 36.",Indigenous Art,2025-12-11 02:26:03.569389,2026-04-11 02:26:03.569389
288,"Rembrandt in the National Gallery of Art [Commemorating the Tercentenary of the Artist's Death], National Gallery of Art, Washington, D.C., 1969, no. 4, 14, repro.",Mythology,2025-05-31 00:27:19.864129,2025-11-30 00:27:19.864129
289,"Loan for display with permanent collection, Cincinnati Art Museum, 1989-1990.",Women in Art,2025-06-07 14:28:44.287614,2025-08-07 14:28:44.287614
290,"Rembrandt in America, North Carolina Museum of Art, Raleigh; Cleveland Museum of Art; Minneapolis Institute of Arts, 2011-2012, no. 23, pl. 4.",Fauvism,2025-05-29 23:33:58.959363,2025-09-29 23:33:58.959363
291,"Rembrandt in the National Gallery of Art [Commemorating the Tercentenary of the Artist's Death], National Gallery of Art, Washington, D.C., 1969, no. 11, repro., as by Rembrandt.",Mythology,2026-02-13 12:54:44.873548,2026-06-13 12:54:44.873548
292,"Rembrandt Och Hans Tid [Rembrandt and His Age], Nationalmuseum, Stockholm, 1992-1993, no. 83, as by Carel Fabritius and Rembrandt Workshop.",Landscapes,2025-04-07 00:16:06.107563,2025-09-07 00:16:06.107563
293,"Rembrandt in Amsterdam: Creativity and Competition, Städelsches Kunstinstitut und Städtische Galerie, Frankfurt am Main; National Gallery of Canada, Ottawa, 2021 - 2022, pl. 151.",Expressionism,2026-02-22 13:29:17.734095,2026-05-22 13:29:17.734095
294,"Rembrandt in the National Gallery of Art [Commemorating the Tercentenary of the Artist's Death], National Gallery of Art, Washington, D.C., 1969, no. 16, repro.",Expressionism,2024-04-25 18:54:40.026573,2024-10-25 18:54:40.026573
295,"British Institution for Promoting the Fine Arts in the United Kingdom, London, 1832, no. 44.[1]",Baroque,2024-12-28 02:54:52.829655,2025-06-28 02:54:52.829655
296,"The Hudson-Fulton Celebration, The Metropolitan Museum of Art, New York, 1909, no. 105.",Architecture,2024-07-03 23:25:55.694888,2025-01-03 23:25:55.694888
297,"A Collection of Paintings [H. Heilbuth], Statens Museum for Kunst, Copenhagen, 1920-1921, no. 63.",Minimalism,2025-10-03 02:16:15.264939,2026-03-03 02:16:15.264939
298,"Rembrandt in the National Gallery of Art [Commemorating the Tercentenary of the Artist's Death], National Gallery of Art, Washington, D.C., 1969, no. 23, repro.",Mythology,2025-01-02 13:47:20.176055,2025-06-02 13:47:20.176055
299,"Rembrandt's Lucretias, National Gallery of Art, Washington, D.C.; Minneapolis Institute of Arts, 1991-1992, brochure.",Fauvism,2024-03-31 15:40:10.855213,2024-08-31 15:40:10.855213
300,"Rembrandt's Women, National Gallery of Scotland, Edinburgh; Royal Academy of Arts, London, 2001, no. 141, repro.",Surrealism,2025-05-05 23:07:34.087831,2025-06-05 23:07:34.087831
301,"Rembrandt?: The Master and his Workshop, Statens Museum for Kunst, Copenhagen, 2006, no. 18, repro.",Romanticism,2025-03-12 00:22:48.313788,2025-08-12 00:22:48.313788
302,"Rembrandt: The Late Works, National Gallery, London; Rijksmuseum, Amsterdam, 2014-2015, no. 115, repro.",Renaissance,2025-12-16 18:27:06.587092,2026-05-16 18:27:06.587092
303,"Utställningen af äldre Mästares taflor ur Svenska privatsamlinger, Bukowskis, Stockholm, 1893, no. 161.",Portraits,2024-07-14 16:12:39.596866,2024-10-14 16:12:39.596866
304,"Exhibition of Dutch Art 1450-1900, Royal Academy of Arts, London, 1929, no. 83.",Abstract Forms,2026-01-25 06:37:42.565974,2026-03-25 06:37:42.565974
305,"Rembrandt Tentoonstelling, Rijksmuseum, Amsterdam, 1935, no. 29.",Expressionism,2024-05-11 05:00:42.428223,2024-09-11 05:00:42.428223
306,"Loan Exhibition of Paintings, Drawings and Etchings by Rembrandt and His Circle, The Art Institute of Chicago, 1935-1936, no. 7.",Expressionism,2025-08-27 11:26:52.645395,2026-01-27 11:26:52.645395
307,"Masterworks of Five Centuries, Golden Gate International Exposition, San Francisco, 1939, no. 88a, repro.",Mythology,2026-03-06 05:26:27.707586,2026-06-06 05:26:27.707586
308,"Rembrandt in the National Gallery of Art [Commemorating the Tercentenary of the Artist's Death], National Gallery of Art, Washington, D.C., 1969, no. 20, repro.",Urban Life,2024-11-12 08:11:13.029715,2025-04-12 08:11:13.029715
309,"Zapadnoevropeiskaia i Amerikanskaia zhivopis is muzeev ssha [West European and American Painting from the Museums of USA], State Hermitage Museum, Leningrad; State Pushkin Museum, Moscow; State Museums, Kiev and Minsk, 1976, unpaginated and unnumbered catalogue.",Fauvism,2025-04-02 19:14:29.643081,2025-05-02 19:14:29.643081
310,"Chefs-d'oeuvre de musées des États-Unis: de Giorgione à Picasso, Musée Marmottan, Paris, October-December 1976, no. 17, repro. (organized by the Armand Hammer Foundation).",Indigenous Art,2024-11-28 22:02:52.524709,2025-04-28 22:02:52.524709
311,"Great Dutch Paintings from America, Mauritshuis, The Hague; The Fine Arts Museums of San Francisco, M. H. de Young Memorial Museum, 1990-1991, no. 53, color repro.",Expressionism,2026-01-12 10:21:39.021753,2026-03-12 10:21:39.021753
312,"Rembrandt: A Genius and His Impact, National Gallery of Victoria, Melbourne; National Gallery of Australia, Canberra, 1997-1998, no. 19, repro.",Contemporary,2025-11-09 03:20:55.170738,2025-12-09 03:20:55.170738
313,"Rembrandt Rembrandt, Kyoto National Museum; Städelsches Kunstinstitut Frankfurt am Main, 2002-2003, no. 39, repro.",Landscapes,2025-06-01 13:36:46.338769,2025-08-01 13:36:46.338769
314,"Loan for display with permanent collection, Städelsches Kunstinstitut und Städtische Galerie, Frankfurt am Main, 2003-2004.",17th Century French,2025-01-12 21:03:16.974634,2025-02-12 21:03:16.974634
315,"Rembrandt in America, North Carolina Museum of Art, Raleigh; Cleveland Museum of Art; Minneapolis Institute of Arts, 2011-2012, no. 36, pl. 35.",Baroque,2024-05-09 12:31:39.722156,2024-08-09 12:31:39.722156
316,"Rembrandt in the National Gallery of Art [Commemorating the Tercentenary of the Artist's Death], National Gallery of Art, Washington, D.C., 1969, no. 3, 13, repro.",Maritime History,2024-10-09 15:10:25.432245,2024-12-09 15:10:25.432245
317,"Loan Exhibition of Paintings by Rembrandt, Knoedler Galleries, New York, 1933, no. 10.",Fauvism,2024-12-09 04:13:32.725050,2025-02-09 04:13:32.725050
318,"A Century of Progress: Exhibition of Paintings and Sculpture, The Art Institute of Chicago, 1934, no. 105, repro.",Fauvism,2025-09-03 07:14:39.241679,2026-01-03 07:14:39.241679
319,"Rembrandt Tentoonstelling, Rijksmuseum, Amsterdam, 1935, no. 17.",Modernism,2024-06-19 21:12:56.247788,2024-07-19 21:12:56.247788
320,"Rembrandt in the National Gallery of Art [Commemorating the Tercentenary of the Artist's Death], National Gallery of Art, Washington, D.C., 1969, no. 13, repro.",Surrealism,2025-01-25 10:02:43.640166,2025-03-25 10:02:43.640166
321,"Gods, Saints & Heroes: Dutch Painting in the Age of Rembrandt, National Gallery of Art, Washington, D.C.; The Detroit Institute of Arts; Rijksmuseum, Amsterdam, 1980-1981, no. 28, repro.",Architecture,2026-03-16 20:17:51.520867,2026-06-16 20:17:51.520867
322,"In Quest of Excellence: Civic Pride, Patronage, Connoisseurship, Center for the Fine Arts, Miami, 1984, no. 52, repro.",The Human Condition,2026-01-07 13:13:12.582764,2026-03-07 13:13:12.582764
323,"Painting the Bible in Rembrandt's Holland, The Israel Museum, Jerusalem, 1993, no. 161, repro. (catalogue titled Rembrandt's Holland).",Romanticism,2024-11-26 16:20:36.471123,2025-02-26 16:20:36.471123
324,"Im Lichte Rembrandts: Das Alte Testament im Goldenen Zeitalter der niederländischen Kunst [Rembrandt and the Old Testament], Westfälisches Landesmuseum, Münster, 1994, no. 25, repro.",Romanticism,2026-02-22 19:28:04.114737,2026-05-22 19:28:04.114737
325,"Rembrandt and the Rembrandt School: The Bible, Mythology and Ancient History, The National Museum of Western Art, Tokyo, 2003, no. 14, repro.",Expressionism,2025-05-16 02:55:48.900557,2025-08-16 02:55:48.900557
326,"Rembrandt : Quest of a Genius [Rembrandt - Zoektocht van een Genie] [Rembrandt - Genie auf der Suche], Museum Het Rembrandthuis, Amsterdam; Kulturforum, Berlin, 2006, no. 63, repro.",Maritime History,2024-05-15 08:33:16.439587,2024-11-15 08:33:16.439587
327,"Spanish Painting, The Toledo (Ohio) Museum of Art, 1941, no. 66.",Minimalism,2025-02-06 05:02:44.386363,2025-03-06 05:02:44.386363
328,"Houghton Hall: The Prime Minister, The Empress and The Heritage, Castle Museum Norwich; Kenwood House, London, 1996-1997, no. 52, repro., as Ascribed to Diego Velázquez.",Contemporary,2025-04-21 01:14:10.539154,2025-06-21 01:14:10.539154
329,"Houghton Revisited: The Walpole Masterpieces from Catherine the Great's Hermitage, Houghton Hall, King's Lynn, 2013, no. 14, repro.",Urban Life,2025-06-22 21:01:41.288010,2025-08-22 21:01:41.288010
330,"Houghton Hall: Portrait of an English Country House, Museum of Fine Arts, Houston; California Palace of the Legion of Honor, The Fine Arts Museums of San Francisco; Frist Center for the Visual Arts, Nashville, 2014-2015, not in catalogue. (shown only in Houston and San Francisco).",Expressionism,2024-03-22 14:20:16.328022,2024-09-22 14:20:16.328022
331,"Velázquez, Kunsthistorisches Museum, Vienna; Galeries nationales du Grand Palais, Paris, 2014-2015, no. 72, repro. (shown only in Paris).",Black Culture,2024-06-20 02:16:37.275231,2024-10-20 02:16:37.275231
332,"Velázquez. The Metropolitan Museum of Art, New York; Museo del Prado, Madrid, 1989-1990, no. 81, 216, pl. 29 (in Spanish version: no. 61, repro. 357).",Minimalism,2025-10-03 03:50:36.104399,2025-11-03 03:50:36.104399
333,"Velázquez: Il suo terzo viaggio in Italia [Velázquez: His Third Trip to Italy], Palazzo Ruspoli, Rome, 2001, unnumbered catalogue, repro.",Portraits,2025-08-17 13:06:12.469451,2026-02-17 13:06:12.469451
334,"Spanish Painting from El Greco to Picasso: Time, Truth, and History, Solomon R. Guggenheim Museum, New York, 2006-2007, unnumbered catalogue, repro.",Portraits,2025-02-26 12:17:16.044796,2025-03-26 12:17:16.044796
335,"Paintings by Old Masters from Pittsburgh Collections, Carnegie Institute, Pittsburgh, 1925, no. 21.",Surrealism,2024-04-13 19:34:47.407684,2024-05-13 19:34:47.407684
336,"Spanish Paintings from El Greco to Goya, The Metropolitan Museum of Art, New York, 1928, no. 31.",Expressionism,2025-02-04 17:34:15.050956,2025-04-04 17:34:15.050956
337,"A Century of Progress Exhibition of Paintings and Sculpture, The Art Institute of Chicago, 1933, no. 175.",Landscapes,2024-07-10 18:27:01.293973,2024-11-10 18:27:01.293973
338,"Paintings and Sculpture Owned in Washington, Phillips Gallery, Washington, 1937, no. 13.",Maritime History,2026-01-07 10:44:00.716067,2026-05-07 10:44:00.716067
339,"El Greco of Toledo, The Toledo [Ohio] Museum of Art; Prado, Madrid; National Gallery of Art, Washington; Dallas Museum of Fine Arts, 1982-1983, no. 43, pl. 56.",Modernism,2025-11-03 16:46:17.296150,2026-03-03 16:46:17.296150
340,"The Private Collection of Edgar Degas, The Metropolitan Museum of Art, New York, 1997-1998, no. 599, repro.",Mythology,2024-11-19 23:57:22.401556,2025-04-19 23:57:22.401556
341,"El Greco in the National Gallery of Art and Washington-Area Collections: A 400th Anniversary Celebration, National Gallery of Art, Washington, 2014-2015, no catalogue.",Impressionism,2025-10-02 00:43:24.470489,2026-01-02 00:43:24.470489
342,"Exposition d'art ancien espagnol, Hôtel Jean Charpentier, Paris, 1925, no. 48.",Urban Life,2025-01-09 21:43:15.434124,2025-02-09 21:43:15.434124
343,"A Loan Exhibition of Sixteen Masterpieces, M. Knoedler & Co., Inc., New York, 1930, 29, no. 13.",Minimalism,2024-08-28 07:03:52.909335,2025-02-28 07:03:52.909335
344,"Paintings and Sculpture Owned in Washington, Phillips Memorial Gallery, Washington, 1937, no. 14.",Post-Modern,2024-04-04 05:56:55.703358,2024-06-04 05:56:55.703358
345,"Obras de Goya, Ministerio de Instruccíon Pública y Bellas Artes, Madrid, 1900, no. 92.",Black Culture,2024-10-03 12:18:19.782365,2024-11-03 12:18:19.782365
346,"Exposición de Retratos de Mujeres Españolas por Artistas españoles anteriores a 1850, Sociedad Española de Amigos del Arte,  Madrid, 1918, no. 33, repro.",Renaissance,2025-06-25 23:22:05.381592,2025-09-25 23:22:05.381592
347,"Pinturas de Goya, Museo Nacional del Prado, Madrid, 1928, no. 18.",Contemporary,2025-02-02 04:05:09.643672,2025-05-02 04:05:09.643672
348,"Spanish Painting, Toledo [Ohio] Museum of Art, 1941, no. 84.",Minimalism,2024-04-13 08:57:18.003405,2024-08-13 08:57:18.003405
349,"L'Art européen à la cour d'Espagne au XVIIIe siecle, Galerie des Beaux-Arts, Bordeaux; Grand Palais, Paris; Museo del Prado, Madrid, 1979-1980, 67-68, no. 18.",Architecture,2025-04-15 21:39:36.515784,2025-05-15 21:39:36.515784
350,"On loan to the National Gallery, London, 1982-1983.",Post-Modern,2025-04-08 13:18:23.022680,2025-06-08 13:18:23.022680
351,"Goya: The Condesa de Chinchon and Other Paintings, Drawings and Prints from Spanish and American Private Collections and the National Gallery of Art, National Gallery of Art, Washington, D.C., 1986-87, unpaginated brochure.",Maritime History,2025-11-28 09:00:00.197498,2026-05-28 09:00:00.197498
352,"On loan to the State Hermitage Museum, Leningrad, 1986.",Mythology,2025-01-11 01:06:48.761853,2025-06-11 01:06:48.761853
353,"Goya and the Spirit of the Enlightenment, Prado, Madrid; Museum of Fine Arts, Boston; The Metropolitan Museum of Art, New York, 1988-1989, no. 9.",Indigenous Art,2025-06-14 01:42:55.606398,2025-07-14 01:42:55.606398
354,"Goya 1746-1828, Museo del Prado, Madrid, 1996, no. 67, repro.",Florals,2025-09-03 21:56:15.326351,2026-03-03 21:56:15.326351
355,"Goya: La imagen de la mujer [Goya: Images of Women], Museo Nacional del Prado, Madrid; National Gallery of Art, Washington, D.C., 2001-2002, no. 60 (Spanish cat.), no. 26 (English cat.), color repro.",Mythology,2025-09-22 23:06:47.782920,2026-03-22 23:06:47.782920
356,"Goya e la tradizione italiana, Fondazione Magnani-Rocca, Parma, 2006, no. 29, repro.",Indigenous Art,2024-09-11 08:36:20.289523,2025-03-11 08:36:20.289523
357,"Goya: The Condesa de Chinchón and Other Paintings, Drawings, and Prints from Spanish and American Private Collections and the National Gallery of Art, National Gallery of Art, Washington, D.C., 1986-1987, unpaginated brochure.",17th Century French,2024-10-23 10:29:39.912417,2025-04-23 10:29:39.912417
358,"Goya: The Condesa de Chinchón and Other Paintings, Drawings, and Prints in Spanish and American Private Collections and the National Gallery of Art, National Gallery of Art, Washington, D.C., 1986-1987, unpaginated brochure.",Florals,2024-06-10 10:42:02.738285,2024-10-10 10:42:02.738285
359,"Porträtaustellung, Kaiser Friedrich Museens Verein, Berlin, 1908-09, no. 91, as Junge Madchen.",Portraits,2024-06-09 17:30:20.762019,2024-09-09 17:30:20.762019
360,"Loan Exhibition of Paintings by Goya, M. Knoedler & Co., Inc., New York, 1934, no. 8, repro.",Romanticism,2024-12-22 00:22:16.967361,2025-01-22 00:22:16.967361
361,"A Century of Progress Exhibition of Paintings and Sculpture, The Art Institute of Chicago, 1934, no. 8.",Post-Modern,2026-01-26 09:37:32.319661,2026-05-26 09:37:32.319661
362,"Bilder von Menschen in der Kunst des Abendlandes, Staatliche Museen Preussischer Kulturbesitz, Berlin, 1980, no. 42, repro.",Post-Modern,2026-02-02 05:52:52.776567,2026-04-02 05:52:52.776567
363,"Goya:  The Condesa de Chinchon and Other Paintings, Drawings, and Prints from Spanish and American Private Collections and the National Gallery of Art, National  Gallery of Art, Washington, 1986-87 unpaginated brochure.",Black Culture,2025-01-03 04:38:09.200596,2025-07-03 04:38:09.200596
364,"Goya 1746-1828, Museo del Prado, Madrid, 1996, no. 129, repro.",Landscapes,2024-03-23 00:34:04.076446,2024-06-23 00:34:04.076446
365,"Goya: La imagen de la mujer [Goya: Images of Women], Museo Nacional del Prado, Madrid; National Gallery of Art, Washington, D.C., 2001-2002, no. 75 (Spanish cat.), no. 33 (English cat.), color repro.",Florals,2025-08-08 06:05:49.613587,2025-11-08 06:05:49.613587
366,"Exhibition of French Art 1200-1900, Royal Academy of Arts, London, 1932, no. 170.",Surrealism,2025-09-28 21:38:34.782579,2025-12-28 21:38:34.782579
367,"French Painting and Sculpture of the XVII Century, The Metropolitan Museum of Art, New York, 1935-1936, no. 11, repro.",17th Century French,2025-07-09 01:41:00.742287,2025-12-09 01:41:00.742287
368,"The Rococco Age: French Masterpieces of the Eighteenth Century, Hight Museum of Art, Atlanta, 1983, no. 43.",Urban Life,2025-02-22 21:45:59.007838,2025-04-22 21:45:59.007838
369,"Nicolas Lancret: 1690-1743, The Frick Collection, New York; The Kimbell Art Museum, Fort Worth, 1991-1992, no. 5, pl. 9.",Portraits,2025-01-26 12:28:22.442361,2025-07-26 12:28:22.442361
370,"Friedrich der Grosse: Sammler und Mäzen, Kunsthalle der Hypo-Kulturstiftung, Munich, 1992-1993, no. 49, repro.",Baroque,2025-03-25 21:28:52.206475,2025-05-25 21:28:52.206475
371,"The Age of Watteau, Chardin, and Fragonard: Masterpieces of French Genre Painting, National Gallery of Canada, Ottawa; National Gallery of Art, Washington, D.C.; Altes Museum, Berlin, 2003-2004, not in cat. (shown only in Washington).",Contemporary,2024-05-24 07:12:30.707063,2024-07-24 07:12:30.707063
372,"De Watteau à Fragonard. Les fête galantes, Musée Jacquemart-André, Paris, 2014, no. 40, repro.",Architecture,2024-06-26 01:07:13.421202,2024-08-26 01:07:13.421202
373,"Salon, Paris, 1737, unnumbered catalogue.",Contemporary,2025-04-08 08:05:33.980319,2025-08-08 08:05:33.980319
374,"Chardin 1699-1779, Grand Palais, Paris; Cleveland Museum of Art; Museum of Fine Arts, Boston, 1979, no. 73, repro.",Expressionism,2026-02-17 21:39:51.013465,2026-04-17 21:39:51.013465
375,"The Age of Watteau, Chardin, and Fragonard: Masterpieces of French Genre Painting, National Gallery of Canada, Ottawa; National Gallery of Art, Washington, D.C.; Altes Museum, Berlin, 2003-2004, no. 35, repro.",Landscapes,2024-04-06 06:20:54.145946,2024-09-06 06:20:54.145946
376,"Masterpieces from the World's Museums in the Hermitage: Jean-Baptiste-Simeon Chardin's 'House of Cards' from the National Art Gallery, Washington, The State Hermitage Museum, St. Petersburg, 2007-2008, illustrated booklet.",Urban Life,2024-04-01 07:11:42.164024,2024-07-01 07:11:42.164024
377,"Taking Time: Chardin's ""Boy building a House of Cards"" and other paintings, Waddesdon Manor, Buckinghamshire, 2012, no. 4, repro.",Baroque,2025-10-31 19:23:05.466462,2025-11-30 19:23:05.466462
378,"Loan Collection of Mr. and Mrs. Frank D. Stout, The Art Institute of Chicago, 1924, no cat., mentioned in Bulletin of the Art Institute of Chicago (October 1924): 91, as Little Teacher.",Florals,2025-04-19 10:52:24.779616,2025-10-19 10:52:24.779616
379,"A Century of Progress, The Art Institute of Chicago, 1933, no. 211.",Surrealism,2024-11-14 00:39:09.727858,2025-01-14 00:39:09.727858
380,"[exhibition], Phillips Memorial Gallery, Washington, D.C., 1937, no cat.",Fauvism,2024-09-08 03:45:34.266966,2024-11-08 03:45:34.266966
381,"Chardin: il pittore del silenzio, Palazzo dei Diamanti, Ferrara; Museo Nacional del Prado, Madrid, 2010-2011, no. 48, repro. (shown only in Madrid).",Women in Art,2025-09-05 23:13:48.665503,2026-02-05 23:13:48.665503
382,"Gainsborough's studio, Schomberg House, London, 1786.",Mythology,2025-07-22 12:53:15.172184,2025-10-22 12:53:15.172184
383,"Works of the Old Masters, associated with Works of Deceased Masters of the British School. Winter Exhibition, Royal Academy of Arts, London, 1873, no. 35.",Baroque,2024-09-30 14:57:31.074613,2024-10-30 14:57:31.074613
384,"Works by the Old Masters, and by Deceased Masters of the British School. Winter Exhibition, Royal Academy of Arts, London, 1886, no. 103.",Maritime History,2025-02-01 17:33:45.435800,2025-06-01 17:33:45.435800
385,"Gainsborough, Sir Philip Sassoon's, 45 Park Lane, London, 1936, no. 8 (illustrated souvenir, repro. 75).",Minimalism,2026-01-21 10:09:58.126836,2026-06-21 10:09:58.126836
386,"Thomas Gainsborough, Tate Gallery, London, 1980-1981, no. 129, repro., color repro. 125.",Urban Life,2026-02-10 23:53:00.948717,2026-06-10 23:53:00.948717
387,"Gainsborough, Grand Palais, Paris, 1981, no. 57, repro., color repro. 77.",The Human Condition,2024-04-21 18:45:14.922547,2024-07-21 18:45:14.922547
388,"A Nest of Nightingales: Thomas Gainsborough, The Linley Sisters, Dulwich Picture Gallery, London, 1988, no. 3, repro., color repro. 44.",Indigenous Art,2026-01-24 05:39:56.308904,2026-07-24 05:39:56.308904
389,"Thomas Gainsborough, 1727-1788, Tate Britain, London; National Gallery of Art, Washington, D.C.; Museum of Fine Arts, Boston, 2002-2003, no. 166, repro.",Expressionism,2025-05-16 22:30:40.743168,2025-07-16 22:30:40.743168
390,"Citizens and Kings: Portraits in the Age of Revolution, 1760-1830, Galeries nationales du Grand Palais, Paris; Royal Academy of Arts, London, 2007, no. 135, repro. (shown only in London).",Indigenous Art,2025-09-08 11:57:05.095066,2026-02-08 11:57:05.095066
391,"Thomas Gainsborough and the Modern Woman, Cincinnati Art Museum; San Diego Museum of Art, 2010-2011, pl. 10 (shown only in Cincinnati).",Contemporary,2026-02-04 06:47:56.722777,2026-04-04 06:47:56.722777
392,"Presiding Genius: A Masterpiece a Month for a Very Special Year, Dulwich Picture Gallery, London, 2011, no catalogue.",Impressionism,2025-05-01 23:42:53.633881,2025-06-01 23:42:53.633881
393,"Royal Academy of Arts, London, 1783, no. 78, as Portrait of a lady of quality.",The Human Condition,2026-03-01 17:53:13.776583,2026-05-01 17:53:13.776583
394,"The Works of Ancient Masters and Deceased British Artists, British Institution, London, 1859, no. 149.",Mythology,2024-10-13 01:35:20.559375,2025-02-13 01:35:20.559375
395,"International Exhibition, South Kensington, London, 1862, no. 72.",Architecture,2025-02-19 16:52:54.855826,2025-05-19 16:52:54.855826
396,"The Works of Thomas Gainsborough, R.A., Grosvenor Gallery, London, 1885, no. 145.",Post-Modern,2024-05-17 08:14:59.338481,2024-06-17 08:14:59.338481
397,"Loan Collection of Pictures, Corporation of London Art Gallery, 1892, no. 92.",Urban Life,2025-03-07 03:01:49.257827,2025-05-07 03:01:49.257827
398,"Thomas Gainsborough and the Modern Woman, Cincinnati Art Museum; San Diego Museum of Art, 2010-2011, not in catalogue (shown only in San Diego).",Architecture,2024-09-02 14:03:54.170541,2025-01-02 14:03:54.170541
399,"Art Treasures of the United Kingdom: Paintings by Modern Masters, Art Treasures Palace, Manchester, 1857, no. 77, as Lady Broughton.",Baroque,2025-02-14 06:34:13.878752,2025-08-14 06:34:13.878752
400,"Pictures by Italian, Spanish, Flemish, Dutch, French and English Masters, British Institution, London, 1864, no. 97.",Baroque,2024-08-30 20:48:40.578249,2024-12-30 20:48:40.578249
401,"Eleventh Annual Exhibition on Behalf of the Artists' General Benevolent Institution, Thos. Agnew & Sons, Ltd., London, 1905, no. 21.",Renaissance,2024-07-31 06:17:13.199229,2024-11-30 06:17:13.199229
402,"George Romney (1734-1802), Walker Art Gallery, Liverpool; National Portrait Gallery, London; The Huntington Library, Art Collections, and Botanical Gardens, San Marino, 2002, no. 25, repro. (shown only in San Marino).",Urban Life,2024-04-29 19:48:52.031337,2024-07-29 19:48:52.031337
403,"Works by the Old Masters, and by Deceased Masters of the British School, Winter Exhibition, Royal Academy of Arts, London, 1895, no. 130.",Romanticism,2025-01-19 06:59:49.354406,2025-04-19 06:59:49.354406
404,"Loan Collection of Pictures and Drawings by J.M.W. Turner, R.A. and of a Selection of Pictures by Some of His Contemporaries, Corporation of London Art Gallery, 1899, no. 170.",Abstract Forms,2024-06-18 10:24:43.028912,2024-10-18 10:24:43.028912
405,"Aedlre Engelsky Künst, Ny Carlsberg Glyptotek, Copenhagen, 1908, no. 29, repro.",Fauvism,2026-03-19 02:56:15.436785,2026-04-19 02:56:15.436785
406,"Aelterer Englischer Kunst, Königliche Akademie der Künste, Berlin, 1908, no. 68 (souvenir volume, 73, repro.).",Florals,2025-09-28 06:14:32.322453,2025-10-28 06:14:32.322453
407,"Fifteen Masters of the Eighteenth Century, Jacques Seligmann & Co., New York, 1928, no. 13.",Minimalism,2024-09-21 10:31:54.851628,2024-12-21 10:31:54.851628
408,"Sir Joshua Reynolds, Sir Philip Sassoon's, 45 Park Lane, London, 1937, no. 26 (souvenir, repro. 56).",Modernism,2025-08-21 07:21:12.721756,2026-02-21 07:21:12.721756
409,"Royal Academy of Arts, London, 1802, no. 5, as Portrait of Lady Templeton.",Mythology,2025-12-18 11:16:23.361010,2026-03-18 11:16:23.361010
410,"Sir Thomas Lawrence 1769-1830, National Portrait Gallery, London, 1979-1980, no. 17, repro.",Contemporary,2025-11-05 22:15:34.353738,2026-03-05 22:15:34.353738
411,"Royal Academy of Arts, London, 1782, no. 204, as Portrait of a Lady.",Black Culture,2024-09-02 06:36:30.690314,2025-02-02 06:36:30.690314
412,"British Institution, London, 1813, no. 37.",Urban Life,2025-11-18 01:37:38.323588,2026-04-18 01:37:38.323588
413,"Pictures by Italian, Spanish, Flemish, Dutch, French and English Masters, British Institution, London, 1857, no. 139.",Surrealism,2024-12-19 11:59:08.501597,2025-03-19 11:59:08.501597
414,"Works by the Old Masters, and by Deceased Masters of the British School. Winter Exhibition, Royal Academy of Arts, London, 1880, no. 135.",Post-Modern,2025-05-03 18:28:26.088372,2025-10-03 18:28:26.088372
415,"Tenth Annual Exhibiton on Behalf of the Artists' General Benevolent Institution, Thos. Agnew & Sons, Ltd., London, 1904, no. 11.",Modernism,2024-10-25 00:47:14.503920,2025-04-25 00:47:14.503920
416,"Sixteen Masterpieces, M. Knoedler & Co., Inc., New York, 1930, no. 5, repro.",Contemporary,2025-10-17 08:52:06.344694,2026-01-17 08:52:06.344694
417,"Arts, Industries, and Manufactures, and Loan Museum of Works of Art, National Portrait Gallery, Dublin, 1872, no. 228.",Renaissance,2025-03-05 07:51:18.417661,2025-08-05 07:51:18.417661
418,"Thomas Gainsborough: ""The Harvest Wagon"", Birmingham Museum and Art Gallery; Art Gallery of Ontario, Toronto, 1995, no. 19 (shown only in Toronto).",Fauvism,2024-03-31 03:00:09.080374,2024-04-30 03:00:09.080374
419,"Old Masters, Grafton Galleries, London, 1911, no. 37, pl. 27.",Indigenous Art,2025-12-02 00:38:47.872268,2026-04-02 00:38:47.872268
420,"Exhibition of Paintings and Drawings by Thomas Gainsborough, R.A., Cincinnati Art Museum, 1931, no. 46, pl. 44.",The Human Condition,2025-11-20 10:43:43.586046,2026-02-20 10:43:43.586046
421,"Thomas Gainsborough, 1727-1788, Tate Britain, London; National Gallery of Art, Washington, D.C.; Museum of Fine Arts, Boston, 2002-2003, no. 67, repro. (shown only in London and Washington).",Mythology,2025-12-19 20:46:18.198766,2026-05-19 20:46:18.198766
422,"Loan Collection of Portraits, City Museum and Art Gallery, Birmingham, 1903, no. 27.",Contemporary,2025-10-11 23:44:31.954322,2026-03-11 23:44:31.954322
423,"Twenty Masterpieces of the English School, Thos. Agnew & Sons, Ltd., 1899, no. 10.",Fauvism,2024-08-31 11:26:52.302733,2025-01-31 11:26:52.302733
424,"Works by the Old Masters and Deceased Masters of the British School. Winter Exhibition, Royal Academy of Arts, London, 1906, no. 57.",Architecture,2025-03-19 00:12:07.048808,2025-04-19 00:12:07.048808
425,"Franco-British Exhibition, Fine Art Palace, London, 1908, no. 58A.",Women in Art,2025-12-31 18:32:07.118242,2026-01-31 18:32:07.118242
426,"Pictures by Raeburn, M. Knoedler & Co., Inc., New York, 1925, no. 3.",Modernism,2024-08-13 19:21:39.989007,2024-10-13 19:21:39.989007
427,"Works of Deceased and Living Scottish Artists, Royal Scottish Academy, Edinburgh, 1863, no. 293.",Landscapes,2026-03-19 11:02:30.358048,2026-09-19 11:02:30.358048
428,"Sir Henry Raeburn, R.A., Gallery of Royal Scottish Academy, Edinburgh, 1876, no. 183.",Impressionism,2025-07-25 18:46:50.107624,2025-10-25 18:46:50.107624
429,"Old Scottish Portrait Painters, Grafton Galleries, London, 1895, no. 76.",Florals,2024-11-27 08:34:17.524032,2025-03-27 08:34:17.524032
430,"Scottish National Exhibition, National Gallery of Scotland, Edinburgh, 1908, no. 32.",Post-Modern,2025-09-27 09:45:18.791853,2026-03-27 09:45:18.791853
431,"Pictures by Sir Henry Raeburn, R.A., French Gallery (Wallis & Sons), London, 1911, no. 8, repro.",Portraits,2025-01-13 23:59:05.779121,2025-02-13 23:59:05.779121
432,"Pictures by Raeburn, M. Knoedler & Co., Inc., New York, 1925, no. 4.",The Human Condition,2025-06-20 20:29:55.101331,2025-11-20 20:29:55.101331
433,"The New Child: British Art and the Origins of Modern Childhood, 1730-1830, University Art Museum and Pacific Film Archive, Berkeley; Dixon Gallery and Gardens, Memphis; Joslyn Art Museum, Omaha, 1995-1996, unnumbered cat., pl. 31.",Baroque,2024-12-21 17:49:11.645462,2025-02-21 17:49:11.645462
434,"Works by the Old Masters, and by Deceased Masters of the British School. Winter Exhibition, Royal Academy of Arts, London, 1878, no. 111.",Florals,2025-03-26 14:11:31.258868,2025-07-26 14:11:31.258868
435,"Works by the Old Masters, and by Deceased Masters of the British School. Winter Exhibition, Royal Academy of Arts, London, 1892, no. 17.",Expressionism,2025-07-03 21:10:08.961913,2025-12-03 21:10:08.961913
436,"Meisterwerke Englischer Malerei aus drei jahrhunderten, Secession, Vienna, 1927, no. 15, repro.",Minimalism,2025-07-03 08:06:26.631697,2025-09-03 08:06:26.631697
437,"Royal Academy of Arts, London, 1779, no. 252, as A young lady.",Romanticism,2024-10-21 10:50:57.166474,2025-02-21 10:50:57.166474
438,"Pictures of the Italian, Spanish, Flemish, Dutch and English Schools, British Institution, London, 1824, no. 162.",Florals,2024-12-08 17:01:17.457929,2025-05-08 17:01:17.457929
439,"Pictures of the Italian, Spanish, Flemish, Dutch, French, and English Masters, British Institution, London, 1851, no. 118.",17th Century French,2025-08-10 03:48:22.962068,2026-02-10 03:48:22.962068
440,"Ancient and Modern, Irish Institution, Dublin, 1856, no. 20.",17th Century French,2025-11-02 09:14:34.001134,2025-12-02 09:14:34.001134
441,"British Art, Royal Academy of Arts, London, 1934, no. 315 (commemorative catalogue, 1935, no. 145, pl. 45).",Maritime History,2025-03-21 07:14:34.374412,2025-04-21 07:14:34.374412
442,"Reynolds, Royal Academy of Arts, London, 1986, no. 107, color repro.",Women in Art,2025-01-21 11:29:03.322545,2025-07-21 11:29:03.322545
443,"The Second Loan Exhibition of Old Masters: British Paintings of the Late Eighteenth and Early Nineteenth Centuries, Detroit Institute of Arts, 1926, no. 9, repro.",Architecture,2025-06-13 12:43:48.591761,2025-12-13 12:43:48.591761
444,"Exposition Rétrospective de Peinture Anglaise (XVIIIe et XIXe siècles), Musée Moderne, Brussels, 1929, no. 66.",Florals,2024-10-02 16:18:01.179036,2025-03-02 16:18:01.179036
445,"Eighteenth Century English Painting, Fogg Art Museum, Cambridge, Massachusetts, 1930, no. 23.",Fauvism,2024-12-06 22:56:01.871663,2025-03-06 22:56:01.871663
446,"Landscape Painting, Wadsworth Atheneum, Hartford, Connecticut, 1931, no. 61, repro.",The Human Condition,2024-09-29 16:03:28.246363,2025-01-29 16:03:28.246363
447,"Paintings and Drawings by Thomas Gainsborough, R.A., Cincinnati Art Museum, 1931, no. 22, pl. 42.",Surrealism,2024-05-14 08:37:28.686739,2024-07-14 08:37:28.686739
448,"Century of Progress: Exhibition of Paintings and Sculpture, Chicago World's Fair, Art Institute of Chicago, 1933, no. 192, repro.",Modernism,2024-10-21 07:28:28.401409,2025-03-21 07:28:28.401409
449,"Thomas Gainsborough, Tate Gallery, London, 1980-1981, no. 148, repro.",Baroque,2025-03-24 19:32:02.930079,2025-08-24 19:32:02.930079
450,"Gainsborough, Grand Palais, Paris, 1981, no. 71, repro.",Post-Modern,2025-06-19 02:31:48.546275,2025-10-19 02:31:48.546275
451,"Glorious Nature: British Landscape Painting, 1750-1850, Denver Art Museum, 1993-1994, no. 16, repro.",Maritime History,2025-08-03 06:40:10.516649,2025-10-03 06:40:10.516649
452,"Thomas Gainsborough, 1727-1788, Tate Britain, London; National Gallery of Art, Washington, D.C.; Museum of Fine Arts, Boston, 2002-2003, no. 146, repro.",Surrealism,2025-11-17 00:08:21.582187,2026-01-17 00:08:21.582187
453,"""The Home Exhibiton:"" A Collection of Paintings owned in St. Louis, City Art Museum, St. Louis, 1911, no. 15, repro.",Surrealism,2024-10-11 01:25:33.911062,2025-01-11 01:25:33.911062
454,"Constable, Tate Gallery, London, 1991, no. 136, repro.",Women in Art,2026-01-05 17:24:53.648054,2026-05-05 17:24:53.648054
455,"Constable Le Choix de Lucian Freud, Galeries nationales du Grand Palais, Paris, 2002-2003, no. 168, repro.",17th Century French,2026-01-04 11:31:33.286149,2026-03-04 11:31:33.286149
456,"Loan for display with permanent collection, Taft Museum of Art, Cincinnati, 2007-2008.",Maritime History,2024-09-18 05:02:19.281631,2025-02-18 05:02:19.281631
457,"Royal Academy of Arts, London, 1827, no. 300.",Portraits,2025-09-06 22:32:11.241046,2026-01-06 22:32:11.241046
458,"Art Treasures of the United Kingdom:: Paintings by Modern Masters, Art Treasures Palace, Manchester, 1857, no. 256, as Barnes Terrace (on the Thames).",Mythology,2026-02-19 12:11:49.673028,2026-03-19 12:11:49.673028
459,"Pictures and Drawings by J.M.W. Turner, R.A., and a Selection of Pictures by Some of His Contemporaries, Corporation of London Art Gallery, Guildhall, 1899, no. 23.",Impressionism,2024-07-02 05:46:16.663803,2024-09-02 05:46:16.663803
460,"Works by Early British Masters, City of Manchester Art Gallery, 1909, no. 30.",Renaissance,2024-09-03 13:21:46.617898,2025-02-03 13:21:46.617898
461,"Turner 1775-1851, Royal Academy of Arts, London, 1974-1975, no. 310, repro.",Portraits,2025-12-29 05:45:54.729694,2026-03-29 05:45:54.729694
462,"London and the Thames: Paintings of Three Centuries, National Maritime Museum for the Department of Environment, Somerset House, Greenwich, 1977, no. 48, repro.",Expressionism,2025-04-25 20:46:03.054057,2025-06-25 20:46:03.054057
463,"J.M.W. Turner, Grand Palais, Paris, 1983-1984, no. 36, color repro.",Romanticism,2026-02-03 11:52:05.906643,2026-05-03 11:52:05.906643
464,"Turner, Whistler, Monet, Art Gallery of Ontario, Toronto; Galeries nationales du Grand Palais, Paris; Tate Britain, London, 2004-2005, no. 4, repro.",Post-Modern,2025-04-20 18:07:08.563578,2025-09-20 18:07:08.563578
465,"J.M.W. Turner, National Gallery of Art, Washington, D.C.; Dallas Museum of Art; The Metropolitan Museum of Art, New York, 2007-2008, no. 76, repro.",Abstract Forms,2024-04-04 21:36:05.886286,2024-10-04 21:36:05.886286
466,"Royal Academy of Arts, London, 1844, no. 356.",Modernism,2024-11-09 23:33:38.784654,2025-04-09 23:33:38.784654
467,"Modern Works of Art, Birmingham Society of Artists, Birmingham, 1860, no. 64.",Portraits,2025-11-30 01:30:55.634889,2026-01-30 01:30:55.634889
468,"Loan Collection of Oil Paintings by British Artist Born before 1801, Art Club, Liverpool, 1881, no. 133.",Fauvism,2025-07-15 04:20:54.586660,2025-10-15 04:20:54.586660
469,"Royal Jubilee Exhibition, Fine Art Galleries, Manchester, 1887, no. 613.",Maritime History,2024-10-10 21:51:59.071155,2025-01-10 21:51:59.071155
470,"Twenty Masterpieces of the English School, Thos. Agnew & Sons, Ltd., 1896, no. 5.",Surrealism,2025-12-29 08:51:34.483286,2026-04-29 08:51:34.483286
471,"Works by the Old Masters and Deceased Masters of the British School. Winter Exhibition, Royal Academy of Arts, London, 1903, no. 37.",Urban Life,2025-10-01 13:22:42.424435,2025-11-01 13:22:42.424435
472,"Ten Paintings from the Tennant-Glenconner Collection, M. Knoedler & Co., Inc., New York, 1924, no. 10.",Surrealism,2025-12-21 21:25:22.316556,2026-06-21 21:25:22.316556
473,"Venezia nell'Ottocento [Venice in the Romantic Era], Ala Napoleonica e Museo Correr, Venice, 1983-1984, no. 14, color repro.",Urban Life,2024-09-27 03:42:55.731771,2024-12-27 03:42:55.731771
474,"Fontane und die bildende Kunst, Kulturforum, Berlin; Neue Pinakothek, Munich, 1998-1999, no. 28, repro. (shown only in Berlin).",Surrealism,2025-09-24 05:44:34.026649,2025-11-24 05:44:34.026649
475,"Turner and Venice, Tate Britain, London; Kimbell Art Museum, Fort Worth, 2003-2004, no. 49, repro.",Modernism,2024-08-06 11:07:54.255370,2025-02-06 11:07:54.255370
476,"J.M.W. Turner, National Gallery of Art, Washington, D.C.; Dallas Museum of Art; The Metropolitan Museum of Art, New York, 2007-2008, no. 151, repro.",Baroque,2024-08-11 07:54:54.869558,2025-02-11 07:54:54.869558
477,"J.M.W. Turner: Painting Set Free, Tate, Liverpool; The J. Paul Getty Museum, Los Angeles; Fine Arts Museums of San Francisco, 2014-2015, no. 66, repro.",Urban Life,2025-07-09 10:09:13.118716,2025-09-09 10:09:13.118716
478,"Royal Academy of Arts, London, 1795, no. 90, as Portraits of Young Ladies.",Impressionism,2024-05-19 06:28:41.075202,2024-10-19 06:28:41.075202
479,"Twenty Masterpieces of the English School, Thos. Agnew & Sons, Ltd., London, 1896, no. 10.",Portraits,2025-06-24 17:13:43.640112,2025-07-24 17:13:43.640112
480,"Paintings by French and British Artists of the 18th Century, Art Gallery and Museum, Glasgow, 1902, no. 109.",Architecture,2025-11-22 06:10:24.123285,2026-03-22 06:10:24.123285
481,"Loan Collection of Portraits, City Museum and Art Gallery, Birmingham, 1903, no. 32.",Women in Art,2025-12-31 21:16:04.862365,2026-06-30 21:16:04.862365
482,"Inaugural Exhibition of Pictures, Laing Art Gallery, New castle-upon-Tyne, 1904, no. 20.",Landscapes,2026-01-11 01:21:22.781891,2026-02-11 01:21:22.781891
483,"Works by the Old Masters and Deceased Masters of the British School, Royal Academy of Arts, London, 1906, no. 79.",Urban Life,2024-07-13 04:50:10.375361,2024-10-13 04:50:10.375361
484,"Franco-British Exhibition, Fine Art Palace, London, 1908, no. 74 (illustrated review, repro, cover, 25).",Florals,2025-07-09 02:11:56.215384,2026-01-09 02:11:56.215384
485,"Ten Paintings from the Tennant-Glenconner Collection, M. Knoedler & Co., Inc., New York, 1924, no. 1.",Romanticism,2024-11-03 02:53:19.579358,2025-04-03 02:53:19.579358
486,"Donatello: Il Rinascimento, Palazzo Strozzi e Museo Nazionale del Bargello, Florence, 2022, no. 2.8, repro., as by Donatello (or after Donatello?).",Florals,2025-12-15 07:56:00.470880,2026-04-15 07:56:00.470880
487,"Donatello: Inventor of the Renaissance, Gemäldegalerie, Staatliche Museen zu Berlin, 2022, no. 10, repro., as Donatello (or after Donatello?).",Romanticism,2024-11-18 04:47:43.578188,2025-05-18 04:47:43.578188
488,"Donatello: Sculpting the Renaissance, Victoria and Albert Museum, London, no. 1.5, repro., as by Donatello or a follower.",17th Century French,2025-08-12 05:42:53.756495,2025-09-12 05:42:53.756495
489,"Italian Sculptures from the Dreyfus Collection, Fogg Art Museum, Cambridge, Massachusetts, 1932.",Fauvism,2025-08-18 18:23:28.689553,2025-10-18 18:23:28.689553
490,"Exposition de L'Art Italien de Cimabue a Tiepolo, Musèe du Petit Palais, Paris, 1935, no. 1038.",Contemporary,2024-05-13 15:00:34.505674,2024-07-13 15:00:34.505674
491,"Desiderio da Settignano: Sculptor of Renaissance Florence, Musée du Louvre, Paris; Museo Nazionale del Bargello, Florence; National Gallery of Art, Washington, D.C., 2006-2007, no. 11, repro.",The Human Condition,2025-12-06 16:23:12.026399,2026-02-06 16:23:12.026399
492,"Italian Sculpture from the Dreyfus Collection, Fogg Art Museum, Cambridge, Massachusetts, 1932.",Women in Art,2024-11-18 03:21:33.583524,2025-05-18 03:21:33.583524
493,"Sculpture and Medals of the Renaissance from the Dreyfus Collection, Fogg Art Museum, Cambridge, Massachusetts, 1932, as by Desiderio da Settignano.",Minimalism,2025-09-22 03:09:19.161458,2026-03-22 03:09:19.161458
494,"On loan to The Metropolitan Museum of Art, New York, 1907-1916.",Architecture,2025-04-30 17:06:13.189286,2025-05-30 17:06:13.189286
495,"Loan Exhibition of the Arts of the Italian Renaissance, The Metropolitan Museum of Art, New York, 1923, no.48.",Indigenous Art,2025-09-06 15:29:42.134531,2025-12-06 15:29:42.134531
496,"Italian Renaissance Exhibition, The Metropolitan Museum of Art, New York, 1923, no. 56.",The Human Condition,2024-11-16 20:45:49.370440,2025-03-16 20:45:49.370440
497,"Obras Maestras de la National Gallery of Art de Washington, Museo Nacional de Antropología, Mexico City, 1996-1997, unnumbered catalogue, 44-45, color repro.",Abstract Forms,2025-01-21 03:14:21.137784,2025-05-21 03:14:21.137784
498,"Sculpture and Medals of the Renaissance from the Dreyfus Collection, Fogg Art Museum, Cambridge, Massachusetts, February 1932, as by Giovanni Antonio Amadeo.",The Human Condition,2024-10-23 02:39:12.714701,2025-04-23 02:39:12.714701
499,"Wadsworth Atheneum, Hartford, Connecticut, 1932, Sculpture no. 9.",Impressionism,2024-05-22 06:09:34.958546,2024-09-22 06:09:34.958546
500,"Arte lombarda dai Visconti agli Sforza. Milano al centro dell'Europa, Palazzo Reale, Milan, 2015, no. 2a, repro.",Fauvism,2026-01-25 07:54:26.934314,2026-03-25 07:54:26.934314
